Patent,Cit_Date,Cit_Name,Cit_Kind,Cit_Country,Citation,Category,CitSeq
03858241,"","","",,00956203,,0
03858241,"","","",,01324234,,1
03858241,"","","",,03398406,,2
03858241,"","","",,03557384,,3
03858241,"","","",,03634889,,4
03858242,"","","",,01515701,,0
03858242,"","","",,03319261,,1
03858242,"","","",,03668705,,2
03858242,"","","",,03707004,,3
03858243,"","","",,02949611,,0
03858243,"","","",,03146465,,1
03858243,"","","",,03156927,,2
03858243,"","","",,03221341,,3
03858243,"","","",,03574238,,4
03858243,"","","",,03681785,,5
03858243,"","","",,03684611,,6
03858244,"","","",,00014040,,0
03858244,"","","",,00017445,,1
03858244,"","","",,02211676,,2
03858244,"","","",,02635670,,3
03858244,"","","",,02838924,,4
03858244,"","","",,02912700,,5
03858245,"","","",,02072303,,0
03858245,"","","",,03176316,,1
03858245,"","","",,03553737,,2
03858245,"","","",,03608095,,3
03858245,"","","",,03621837,,4
03858245,"","","",,03699969,,5
03858245,"","","",,03755824,,6
03858246,"","","",,03451067,,0
03858246,"","","",,03503079,,1
03858246,"","","",,03601877,,2
03858247,"","","",,01600859,,0
03858247,"","","",,02807431,,1
03858247,"","","",,03621837,,2
03858247,"","","",,03694819,,3
03858247,"","","",,03755824,,4
03858248,"","","",,02875449,,0
03858248,"","","",,03304558,,1
03858248,"","","",,03641592,,2
03858248,"","","",,03706104,,3
03858249,"","","",,03054117,,0
03858249,"","","",,03289214,,1
03858249,"","","",,03418664,,2
03858249,"","","",,03609772,,3
03858249,"","","",,03611446,,4
03858249,"","","",,03611447,,5
03858249,"","","",,03748663,,6
03858250,"","","",,02741776,,0
03858250,"","","",,02869141,,1
03858250,"","","",,02883675,,2
03858250,"","","",,03320622,,3
03858250,"","","",,03324482,,4
03858250,"","","",,03331084,,5
03858250,"","","",,03365730,,6
03858250,"","","",,03546715,,7
03858251,"","","",,01092080,,0
03858251,"","","",,01106732,,1
03858251,"","","",,03059597,,2
03858251,"","","",,03092049,,3
03858251,"","","",,03319588,,4
03858251,"","","",,03320907,,5
03858251,"","","",,03694825,,6
03858252,"","","",,01572275,,0
03858252,"","","",,01582881,,1
03858252,"","","",,01664491,,2
03858252,"","","",,02060100,,3
03858252,"","","",,02518060,,4
03858252,"","","",,03060453,,5
03858252,"","","",,03458874,,6
03858252,"","","",,03724760,,7
03858253,"","","",,02331472,,0
03858253,"","","",,02665963,,1
03858253,"","","",,02702225,,2
03858253,"","","",,02842777,,3
03858253,"","","",,03097369,,4
03858254,"","","",,02869143,,0
03858254,"","","",,02945241,,1
03858254,"","","",,03736601,,2
03858255,"","","",,02709817,,0
03858255,"","","",,02866982,,1
03858255,"","","",,03284812,,2
03858255,"","","",,03377635,,3
03858256,"","","",,02012755,,0
03858256,"","","",,02129225,,1
03858256,"","","",,03413665,,2
03858256,"","","",,03695690,,3
03858257,"","","",,02368930,,0
03858257,"","","",,02784132,,1
03858257,"","","",,03290704,,2
03858257,"","","",,03510888,,3
03858257,"","","",,03681796,,4
03858258,"","","",,01331793,,0
03858258,"","","",,01540798,,1
03858259,"","","",,03390168,,0
03858260,"","","",,02041616,,0
03858260,"","","",,02437135,,1
03858260,"","","",,02784424,,2
03858260,"","","",,02984846,,3
03858260,"","","",,02991750,,4
03858260,"","","",,03090973,,5
03858260,"","","",,03436095,,6
03858260,"","","",,03608111,,7
03858260,"","","",,03755838,,8
03858261,"","","",,03108623,,0
03858261,"","","",,03120012,,1
03858261,"","","",,03238540,,2
03858262,"","","",,03294139,,0
03858262,"","","",,03416492,,1
03858262,"","","",,03452714,,2
03858262,"","","",,03557750,,3
03858262,"","","",,03579684,,4
03858262,"","","",,03720533,,5
03858263,"","","",,03594838,,0
03858263,"","","",,03608118,,1
03858264,"","","",,03137017,,0
03858264,"","","",,03203002,,1
03858264,"","","",,03299456,,2
03858264,"","","",,03368229,,3
03858264,"","","",,03530488,,4
03858264,"","","",,03606627,,5
03858265,"","","",,02167296,,0
03858265,"","","",,03163943,,1
03858265,"","","",,03254355,,2
03858265,"","","",,03731335,,3
03858266,"","","",,00842965,,0
03858266,"","","",,01342036,,1
03858266,"","","",,01838448,,2
03858266,"","","",,01971175,,3
03858266,"","","",,02423658,,4
03858266,"","","",,02677837,,5
03858267,"","","",,02817867,,0
03858267,"","","",,02896239,,1
03858267,"","","",,03626542,,2
03858268,"","","",,03045294,,0
03858268,"","","",,03314119,,1
03858269,"","","",,02599580,,0
03858269,"","","",,02726419,,1
03858269,"","","",,02926378,,2
03858269,"","","",,03528693,,3
03858270,"","","",,01274165,,0
03858270,"","","",,01377626,,1
03858270,"","","",,02425675,,2
03858270,"","","",,03187371,,3
03858270,"","","",,03261129,,4
03858270,"","","",,03582118,,5
03858271,"","","",,01012404,,0
03858271,"","","",,02169882,,1
03858271,"","","",,02495599,,2
03858271,"","","",,02803865,,3
03858271,"","","",,02885718,,4
03858271,"","","",,03186025,,5
03858271,"","","",,03345675,,6
03858271,"","","",,03445882,,7
03858272,"","","",,00733470,,0
03858272,"","","",,01137078,,1
03858272,"","","",,02025946,,2
03858272,"","","",,02294197,,3
03858272,"","","",,02540919,,4
03858272,"","","",,03286446,,5
03858273,"","","",,02765243,,0
03858273,"","","",,02826500,,1
03858273,"","","",,02876062,,2
03858273,"","","",,03402068,,3
03858273,"","","",,03431162,,4
03858274,"","","",,02224232,,0
03858274,"","","",,03398487,,1
03858274,"","","",,03628845,,2
03858274,"","","",,03648327,,3
03858275,"","","",,01479503,,0
03858275,"","","",,02292141,,1
03858275,"","","",,02450511,,2
03858275,"","","",,02451504,,3
03858275,"","","",,02720005,,4
03858275,"","","",,02738556,,5
03858275,"","","",,02910652,,6
03858275,"","","",,02915790,,7
03858275,"","","",,03001718,,8
03858275,"","","",,03131364,,9
03858275,"","","",,03139595,,10
03858276,"","","",,00466846,,0
03858276,"","","",,02879549,,1
03858276,"","","",,03120030,,2
03858276,"","","",,03387337,,3
03858277,"","","",,03685100,,0
03858278,"","","",,00055828,,0
03858278,"","","",,02446021,,1
03858278,"","","",,02621372,,2
03858278,"","","",,02761179,,3
03858278,"","","",,03611507,,4
03858279,"","","",,02229003,,0
03858279,"","","",,02901801,,1
03858279,"","","",,03203058,,2
03858279,"","","",,03222745,,3
03858280,"","","",,01130716,,0
03858280,"","","",,01454857,,1
03858280,"","","",,01457550,,2
03858280,"","","",,01714684,,3
03858280,"","","",,02815971,,4
03858280,"","","",,02838266,,5
03858280,"","","",,03033016,,6
03858281,"","","",,00777409,,0
03858281,"","","",,01315755,,1
03858281,"","","",,01963446,,2
03858281,"","","",,03744099,,3
03858282,"","","",,01959319,,0
03858282,"","","",,02756172,,1
03858282,"","","",,02787435,,2
03858282,"","","",,02909822,,3
03858282,"","","",,03638286,,4
03858282,"","","",,03790992,,5
03858283,"","","",,02154099,,0
03858283,"","","",,02157381,,1
03858283,"","","",,02267384,,2
03858283,"","","",,02273773,,3
03858283,"","","",,02784474,,4
03858283,"","","",,03583041,,5
03858284,"","","",,03602754,,0
03858284,"","","",,03602756,,1
03858284,"","","",,03778127,,2
03858285,"","","",,02724562,,0
03858285,"","","",,02727297,,1
03858285,"","","",,02907097,,2
03858285,"","","",,02955773,,3
03858285,"","","",,03545078,,4
03858286,"","","",,01477851,,0
03858286,"","","",,03286595,,1
03858286,"","","",,03354761,,2
03858286,"","","",,03509619,,3
03858286,"","","",,03555963,,4
03858286,"","","",,03650018,,5
03858287,"","","",,01687498,,0
03858287,"","","",,02005885,,1
03858287,"","","",,02312762,,2
03858287,"","","",,03475803,,3
03858287,"","","",,03613316,,4
03858287,"","","",,03693544,,5
03858287,"","","",,03757398,,6
03858288,"","","",,00822723,,0
03858288,"","","",,02702216,,1
03858288,"","","",,03140130,,2
03858289,"","","",,02043931,,0
03858289,"","","",,02072984,,1
03858289,"","","",,03527087,,2
03858289,"","","",,03691641,,3
03858289,"","","",,03697865,,4
03858289,"","","",,03820386,,5
03858290,"","","",,01905944,,0
03858290,"","","",,01908074,,1
03858290,"","","",,02779565,,2
03858290,"","","",,03301527,,3
03858290,"","","",,03446480,,4
03858290,"","","",,03627443,,5
03858290,"","","",,03697192,,6
03858291,"","","",,01840417,,0
03858291,"","","",,02004151,,1
03858291,"","","",,02340853,,2
03858291,"","","",,02351425,,3
03858291,"","","",,02512748,,4
03858291,"","","",,03768550,,5
03858292,"","","",,03703954,,0
03858293,"","","",,03775825,,0
03858294,"","","",,03310865,,0
03858294,"","","",,03529341,,1
03858294,"","","",,03584362,,2
03858295,"","","",,03122826,,0
03858295,"","","",,03553813,,1
03858295,"","","",,03624888,,2
03858296,"","","",,03525147,,0
03858296,"","","",,03602972,,1
03858296,"","","",,03672026,,2
03858296,"","","",,03689976,,3
03858297,"","","",,02814859,,0
03858297,"","","",,03347083,,1
03858297,"","","",,03494014,,2
03858297,"","","",,03581379,,3
03858298,"","","",,01929245,,0
03858298,"","","",,02863346,,1
03858298,"","","",,02916812,,2
03858298,"","","",,03028987,,3
03858298,"","","",,03048212,,4
03858298,"","","",,03142113,,5
03858298,"","","",,03373474,,6
03858298,"","","",,03785050,,7
03858299,"","","",,03711931,,0
03858299,"","","",,03718965,,1
03858300,"","","",,01631889,,0
03858300,"","","",,02160395,,1
03858300,"","","",,02339897,,2
03858301,"","","",,02148213,,0
03858301,"","","",,03508319,,1
03858301,"","","",,03751785,,2
03858302,"","","",,02395374,,0
03858302,"","","",,03151510,,1
03858302,"","","",,03212369,,2
03858302,"","","",,03706241,,3
03858302,"","","",,03768143,,4
03858302,"","","",,03774478,,5
03858303,"","","",,02121606,,0
03858303,"","","",,02531440,,1
03858303,"","","",,02812275,,2
03858303,"","","",,03110102,,3
03858303,"","","",,03623921,,4
03858303,"","","",,03647730,,5
03858304,"","","",,03266127,,0
03858304,"","","",,03537921,,1
03858304,"","","",,03616380,,2
03858304,"","","",,03733527,,3
03858305,"","","",,01815194,,0
03858305,"","","",,02820107,,1
03858305,"","","",,03491436,,2
03858306,"","","",,03459603,,0
03858306,"","","",,03723190,,1
03858307,"","","",,03705312,,0
03858308,"","","",,02387073,,0
03858308,"","","",,03531670,,1
03858308,"","","",,03564705,,2
03858308,"","","",,03655463,,3
03858309,"","","",,03084420,,0
03858309,"","","",,03360668,,1
03858309,"","","",,03623220,,2
03858309,"","","",,03698079,,3
03858310,"","","",,03106703,,0
03858310,"","","",,03134163,,1
03858310,"","","",,03168778,,2
03858310,"","","",,03310865,,3
03858310,"","","",,03460245,,4
03858311,"","","",,02199198,,0
03858311,"","","",,02282854,,1
03858311,"","","",,02671951,,2
03858311,"","","",,02972724,,3
03858311,"","","",,03137047,,4
03858311,"","","",,03186067,,5
03858311,"","","",,03401431,,6
03858311,"","","",,03496967,,7
03858312,"","","",,02399631,,0
03858312,"","","",,02400008,,1
03858312,"","","",,03046509,,2
03858312,"","","",,03063136,,3
03858312,"","","",,03202950,,4
03858312,"","","",,03443136,,5
03858313,"","","",,02592936,,0
03858313,"","","",,02968094,,1
03858313,"","","",,03060566,,2
03858313,"","","",,03315352,,3
03858313,"","","",,03688398,,4
03858313,"","","",,03688400,,5
03858313,"","","",,03689998,,6
03858314,"","","",,02130311,,0
03858315,"","","",,02019475,,0
03858315,"","","",,02713201,,1
03858315,"","","",,03262206,,2
03858315,"","","",,03783510,,3
03858315,"","","",,03786563,,4
03858316,"","","",,02245420,,0
03858316,"","","",,02280836,,1
03858316,"","","",,02289323,,2
03858316,"","","",,02618055,,3
03858316,"","","",,03740843,,4
03858317,"","","",,00766725,,0
03858317,"","","",,02329729,,1
03858317,"","","",,02973576,,2
03858317,"","","",,03449992,,3
03858317,"","","",,03805383,,4
03858318,"","","",,01108748,,0
03858318,"","","",,02045884,,1
03858318,"","","",,02394884,,2
03858318,"","","",,02532770,,3
03858318,"","","",,02584231,,4
03858318,"","","",,02591925,,5
03858318,"","","",,02691817,,6
03858318,"","","",,02836882,,7
03858318,"","","",,03110093,,8
03858318,"","","",,03174214,,9
03858318,"","","",,03555674,,10
03858319,"","","",,02640793,,0
03858319,"","","",,02781577,,1
03858319,"","","",,02817893,,2
03858319,"","","",,02867037,,3
03858319,"","","",,03008230,,4
03858319,"","","",,03066405,,5
03858320,"","","",,00689778,,0
03858320,"","","",,00830016,,1
03858320,"","","",,01501020,,2
03858320,"","","",,02436507,,3
03858321,"","","",,01781098,,0
03858321,"","","",,02334257,,1
03858321,"","","",,02714760,,2
03858321,"","","",,02811342,,3
03858321,"","","",,02962812,,4
03858321,"","","",,03064399,,5
03858321,"","","",,03081661,,6
03858321,"","","",,03094751,,7
03858321,"","","",,03336970,,8
03858321,"","","",,03416578,,9
03858321,"","","",,03744363,,10
03858322,"","","",,02127285,,0
03858322,"","","",,02635338,,1
03858323,"","","",,01838982,,0
03858323,"","","",,03218109,,1
03858323,"","","",,03229369,,2
03858324,"","","",,00951472,,0
03858324,"","","",,01755152,,1
03858324,"","","",,01899775,,2
03858324,"","","",,02143426,,3
03858324,"","","",,02423786,,4
03858324,"","","",,02543998,,5
03858324,"","","",,03308543,,6
03858325,"","","",,00447475,,0
03858325,"","","",,02528431,,1
03858325,"","","",,02728145,,2
03858325,"","","",,02830380,,3
03858325,"","","",,03218724,,4
03858326,"","","",,00034608,,0
03858326,"","","",,00129311,,1
03858326,"","","",,01323148,,2
03858326,"","","",,01336010,,3
03858326,"","","",,01864832,,4
03858326,"","","",,01936846,,5
03858326,"","","",,03392450,,6
03858327,"","","",,01662836,,0
03858327,"","","",,02431087,,1
03858327,"","","",,03205587,,2
03858327,"","","",,03210988,,3
03858327,"","","",,03583815,,4
03858328,"","","",,01811300,,0
03858328,"","","",,02098564,,1
03858328,"","","",,02380932,,2
03858328,"","","",,02468554,,3
03858328,"","","",,02631455,,4
03858328,"","","",,02888752,,5
03858329,"","","",,03434220,,0
03858330,"","","",,03022581,,0
03858330,"","","",,03121000,,1
03858331,"","","",,02707838,,0
03858331,"","","",,02834122,,1
03858331,"","","",,03626602,,2
03858331,"","","",,03724096,,3
03858332,"","","",,00205960,,0
03858332,"","","",,03190013,,1
03858332,"","","",,03204343,,2
03858332,"","","",,03208162,,3
03858332,"","","",,03229388,,4
03858333,"","","",,01584316,,0
03858333,"","","",,01693711,,1
03858333,"","","",,02491883,,2
03858334,"","","",,00497917,,0
03858334,"","","",,00531060,,1
03858334,"","","",,01873595,,2
03858334,"","","",,02921386,,3
03858334,"","","",,03290799,,4
03858334,"","","",,03673710,,5
03858335,"","","",,01185538,,0
03858335,"","","",,03038597,,1
03858335,"","","",,03316669,,2
03858336,"","","",,01811781,,0
03858336,"","","",,02958963,,1
03858336,"","","",,03313047,,2
03858337,"","","",,03333353,,0
03858337,"","","",,03810318,,1
03858338,"","","",,02173406,,0
03858338,"","","",,02663952,,1
03858338,"","","",,03111777,,2
03858338,"","","",,03243903,,3
03858339,"","","",,00311220,,0
03858339,"","","",,01346053,,1
03858339,"","","",,01702700,,2
03858339,"","","",,02087432,,3
03858339,"","","",,02106335,,4
03858339,"","","",,02169409,,5
03858339,"","","",,02266724,,6
03858340,"","","",,00286736,,0
03858340,"","","",,02586176,,1
03858340,"","","",,02779116,,2
03858340,"","","",,02994298,,3
03858340,"","","",,03000113,,4
03858340,"","","",,03445151,,5
03858340,"","","",,03466126,,6
03858340,"","","",,03503496,,7
03858341,"","","",,03137082,,0
03858341,"","","",,03187320,,1
03858341,"","","",,03210876,,2
03858341,"","","",,03261013,,3
03858341,"","","",,03675242,,4
03858341,"","","",,03739512,,5
03858342,"","","",,00732540,,0
03858342,"","","",,01126294,,1
03858342,"","","",,02107034,,2
03858342,"","","",,02196136,,3
03858342,"","","",,02359517,,4
03858343,"","","",,01457373,,0
03858343,"","","",,01566812,,1
03858343,"","","",,02086008,,2
03858343,"","","",,02323096,,3
03858343,"","","",,02814151,,4
03858343,"","","",,02851815,,5
03858343,"","","",,03341966,,6
03858343,"","","",,03670446,,7
03858344,"","","",,02563386,,0
03858344,"","","",,02594981,,1
03858345,"","","",,02447105,,0
03858345,"","","",,03739518,,1
03858346,"","","",,02996553,,0
03858346,"","","",,03070495,,1
03858346,"","","",,03220921,,2
03858347,"","","",,01896175,,0
03858347,"","","",,02526371,,1
03858347,"","","",,03053533,,2
03858348,"","","",,01384972,,0
03858348,"","","",,03287846,,1
03858348,"","","",,03717949,,2
03858348,"","","",,03724121,,3
03858349,"","","",,01486463,,0
03858349,"","","",,02366652,,1
03858349,"","","",,02637139,,2
03858349,"","","",,03273281,,3
03858350,"","","",,02475318,,0
03858350,"","","",,02814907,,1
03858351,"","","",,02781611,,0
03858351,"","","",,02959891,,1
03858351,"","","",,03571947,,2
03858352,"","","",,02945321,,0
03858352,"","","",,03005283,,1
03858352,"","","",,03063192,,2
03858352,"","","",,03383795,,3
03858352,"","","",,03490170,,4
03858352,"","","",,03583093,,5
03858352,"","","",,03745696,,6
03858353,"","","",,02310037,,0
03858353,"","","",,03648405,,1
03858353,"","","",,03660931,,2
03858354,"","","",,02053031,,0
03858354,"","","",,03022604,,1
03858354,"","","",,03359681,,2
03858355,"","","",,01700121,,0
03858355,"","","",,02532857,,1
03858355,"","","",,02722170,,2
03858355,"","","",,02987330,,3
03858355,"","","",,03203033,,4
03858355,"","","",,03606404,,5
03858356,"","","",,03060525,,0
03858356,"","","",,03065507,,1
03858356,"","","",,03258876,,2
03858356,"","","",,03388500,,3
03858357,"","","",,03091818,,0
03858357,"","","",,03147562,,1
03858357,"","","",,03263359,,2
03858357,"","","",,03295589,,3
03858358,"","","",,01814616,,0
03858358,"","","",,02290979,,1
03858358,"","","",,02325517,,2
03858358,"","","",,02387193,,3
03858358,"","","",,02641087,,4
03858358,"","","",,02696049,,5
03858358,"","","",,03201901,,6
03858359,"","","",,01326561,,0
03858359,"","","",,02064344,,1
03858359,"","","",,02181487,,2
03858359,"","","",,02677461,,3
03858359,"","","",,02684558,,4
03858359,"","","",,03004279,,5
03858359,"","","",,03007191,,6
03858359,"","","",,03380196,,7
03858359,"","","",,03691689,,8
03858359,"","","",,03756377,,9
03858360,"","","",,00554300,,0
03858360,"","","",,02261565,,1
03858360,"","","",,02665035,,2
03858360,"","","",,03631631,,3
03858361,"","","",,01923020,,0
03858361,"","","",,02859567,,1
03858361,"","","",,02906064,,2
03858361,"","","",,02907151,,3
03858361,"","","",,03129535,,4
03858361,"","","",,03566546,,5
03858361,"","","",,03701219,,6
03858362,"","","",,00828894,,0
03858362,"","","",,01254071,,1
03858362,"","","",,02359594,,2
03858362,"","","",,02722092,,3
03858363,"","","",,01816494,,0
03858363,"","","",,02084138,,1
03858363,"","","",,02826872,,2
03858363,"","","",,03274736,,3
03858363,"","","",,03550322,,4
03858364,"","","",,02256104,,0
03858364,"","","",,02307899,,1
03858364,"","","",,02634832,,2
03858364,"","","",,02668342,,3
03858364,"","","",,03245187,,4
03858364,"","","",,03282012,,5
03858364,"","","",,03486579,,6
03858364,"","","",,03555754,,7
03858364,"","","",,03650078,,8
03858364,"","","",,03762110,,9
03858365,"","","",,01962481,,0
03858365,"","","",,03163971,,1
03858365,"","","",,03324621,,2
03858365,"","","",,03553924,,3
03858365,"","","",,03676980,,4
03858366,"","","",,02606406,,0
03858366,"","","",,03528200,,1
03858367,"","","",,03065579,,0
03858368,"","","",,00170178,,0
03858368,"","","",,00456208,,1
03858368,"","","",,01837938,,2
03858368,"","","",,02017881,,3
03858368,"","","",,03213642,,4
03858369,"","","",,00773612,,0
03858369,"","","",,00933962,,1
03858369,"","","",,02454777,,2
03858369,"","","",,02976649,,3
03858370,"","","",,02317428,,0
03858370,"","","",,02459953,,1
03858370,"","","",,02651483,,2
03858370,"","","",,02921464,,3
03858370,"","","",,03279729,,4
03858371,"","","",,03258885,,0
03858372,"","","",,00668720,,0
03858372,"","","",,01272131,,1
03858372,"","","",,02810941,,2
03858372,"","","",,03054153,,3
03858372,"","","",,03114176,,4
03858372,"","","",,03183560,,5
03858372,"","","",,03255556,,6
03858372,"","","",,03277620,,7
03858372,"","","",,03512324,,8
03858373,"","","",,00411683,,0
03858373,"","","",,03062337,,1
03858373,"","","",,03320708,,2
03858373,"","","",,03462906,,3
03858374,"","","",,00596217,,0
03858374,"","","",,01090171,,1
03858374,"","","",,02198985,,2
03858374,"","","",,02258560,,3
03858374,"","","",,03158236,,4
03858374,"","","",,03355852,,5
03858374,"","","",,03550339,,6
03858375,"","","",,00852450,,0
03858375,"","","",,01268032,,1
03858375,"","","",,01836980,,2
03858375,"","","",,02174441,,3
03858375,"","","",,02949981,,4
03858375,"","","",,02976970,,5
03858375,"","","",,03001245,,6
03858375,"","","",,03147518,,7
03858375,"","","",,03205630,,8
03858375,"","","",,03314201,,9
03858375,"","","",,03362123,,10
03858375,"","","",,03488906,,11
03858375,"","","",,03570182,,12
03858375,"","","",,03638372,,13
03858375,"","","",,03734550,,14
03858376,"","","",,01369794,,0
03858376,"","","",,01420220,,1
03858376,"","","",,01465653,,2
03858376,"","","",,01477520,,3
03858376,"","","",,01708462,,4
03858376,"","","",,01732243,,5
03858376,"","","",,02043445,,6
03858376,"","","",,02140998,,7
03858377,"","","",,01962826,,0
03858377,"","","",,03377756,,1
03858377,"","","",,03398499,,2
03858377,"","","",,03436885,,3
03858377,"","","",,03449877,,4
03858377,"","","",,03574985,,5
03858377,"","","",,03719014,,6
03858378,"","","",,01562533,,0
03858378,"","","",,02163409,,1
03858378,"","","",,02175916,,2
03858378,"","","",,02335376,,3
03858378,"","","",,02449759,,4
03858378,"","","",,02508063,,5
03858378,"","","",,02569665,,6
03858378,"","","",,02651144,,7
03858378,"","","",,02663812,,8
03858378,"","","",,02707850,,9
03858378,"","","",,02756361,,10
03858378,"","","",,02951167,,11
03858378,"","","",,03302961,,12
03858379,"","","",,02340866,,0
03858379,"","","",,03190843,,1
03858379,"","","",,03220960,,2
03858379,"","","",,03308491,,3
03858379,"","","",,03548420,,4
03858379,"","","",,03721232,,5
03858380,"","","",,03230687,,0
03858380,"","","",,03457695,,1
03858380,"","","",,03492783,,2
03858380,"","","",,03513622,,3
03858381,"","","",,02746221,,0
03858381,"","","",,03105337,,1
03858381,"","","",,03410053,,2
03858381,"","","",,03423900,,3
03858381,"","","",,03698151,,4
03858382,"","","",,01794517,,0
03858382,"","","",,02045678,,1
03858382,"","","",,02069266,,2
03858382,"","","",,02790591,,3
03858382,"","","",,03044233,,4
03858382,"","","",,03100569,,5
03858382,"","","",,03468100,,6
03858382,"","","",,03646723,,7
03858383,"","","",,02672002,,0
03858383,"","","",,02926478,,1
03858383,"","","",,03034275,,2
03858383,"","","",,03350864,,3
03858384,"","","",,02318291,,0
03858384,"","","",,02647353,,1
03858384,"","","",,02716321,,2
03858384,"","","",,03271940,,3
03858384,"","","",,03600876,,4
03858385,"","","",,03077311,,0
03858385,"","","",,03455095,,1
03858385,"","","",,03478504,,2
03858385,"","","",,03540200,,3
03858385,"","","",,03540201,,4
03858385,"","","",,03640059,,5
03858386,"","","",,03342027,,0
03858386,"","","",,03365875,,1
03858386,"","","",,03419060,,2
03858386,"","","",,03664114,,3
03858386,"","","",,03670489,,4
03858387,"","","",,03184436,,0
03858387,"","","",,03418199,,1
03858387,"","","",,03560448,,2
03858387,"","","",,03608299,,3
03858387,"","","",,03696074,,4
03858388,"","","",,03688492,,0
03858388,"","","",,03744238,,1
03858388,"","","",,03817025,,2
03858389,"","","",,02786326,,0
03858389,"","","",,03462943,,1
03858389,"","","",,03577876,,2
03858389,"","","",,03638418,,3
03858389,"","","",,03733804,,4
03858390,"","","",,03181295,,0
03858390,"","","",,03252686,,1
03858390,"","","",,03621657,,2
03858390,"","","",,03777479,,3
03858390,"","","",,03777482,,4
03858391,"","","",,02886015,,0
03858391,"","","",,02962597,,1
03858391,"","","",,03310937,,2
03858391,"","","",,03440433,,3
03858391,"","","",,03443112,,4
03858391,"","","",,03691759,,5
03858392,"","","",,02589703,,0
03858392,"","","",,02912902,,1
03858392,"","","",,03092525,,2
03858392,"","","",,03102833,,3
03858392,"","","",,03106131,,4
03858392,"","","",,03199289,,5
03858392,"","","",,03299812,,6
03858392,"","","",,03754060,,7
03858393,"","","",,02892312,,0
03858393,"","","",,02936712,,1
03858393,"","","",,03444689,,2
03858393,"","","",,03470694,,3
03858394,"","","",,02274232,,0
03858394,"","","",,03383092,,1
03858394,"","","",,03401676,,2
03858394,"","","",,03710569,,3
03858394,"","","",,03809020,,4
03858395,"","","",,03048982,,0
03858395,"","","",,03358451,,1
03858395,"","","",,03686867,,2
03858395,"","","",,03716990,,3
03858396,"","","",,03160076,,0
03858396,"","","",,03481251,,1
03858397,"","","",,01917154,,0
03858397,"","","",,02461449,,1
03858397,"","","",,02930197,,2
03858397,"","","",,02994200,,3
03858397,"","","",,03140986,,4
03858397,"","","",,03278234,,5
03858397,"","","",,03284137,,6
03858397,"","","",,03348883,,7
03858397,"","","",,03410604,,8
03858397,"","","",,03421794,,9
03858397,"","","",,03432205,,10
03858397,"","","",,03449247,,11
03858397,"","","",,03470943,,12
03858397,"","","",,03552128,,13
03858398,"","","",,01293693,,0
03858398,"","","",,01435144,,1
03858398,"","","",,03020965,,2
03858398,"","","",,03478524,,3
03858398,"","","",,03608317,,4
03858399,"","","",,02397382,,0
03858399,"","","",,02922283,,1
03858399,"","","",,03140858,,2
03858399,"","","",,03212270,,3
03858399,"","","",,03543522,,4
03858399,"","","",,03750410,,5
03858400,"","","",,00495036,,0
03858400,"","","",,01023526,,1
03858400,"","","",,01474808,,2
03858400,"","","",,01534968,,3
03858400,"","","",,01876205,,4
03858400,"","","",,02187223,,5
03858400,"","","",,03300938,,6
03858400,"","","",,03381479,,7
03858400,"","","",,03389560,,8
03858400,"","","",,03638434,,9
03858400,"","","",,03712825,,10
03858401,"","","",,03017934,,0
03858401,"","","",,03359741,,1
03858401,"","","",,03738434,,2
03858402,"","","",,02187871,,0
03858402,"","","",,03535884,,1
03858402,"","","",,03541588,,2
03858402,"","","",,03592155,,3
03858402,"","","",,03667240,,4
03858402,"","","",,03708987,,5
03858402,"","","",,03720066,,6
03858403,"","","",,02522787,,0
03858403,"","","",,02741899,,1
03858403,"","","",,03229470,,2
03858403,"","","",,03460373,,3
03858404,"","","",,02756765,,0
03858404,"","","",,02964916,,1
03858404,"","","",,03097496,,2
03858404,"","","",,03262280,,3
03858404,"","","",,03555483,,4
03858405,"","","",,02495350,,0
03858405,"","","",,02902838,,1
03858405,"","","",,03315487,,2
03858405,"","","",,03719058,,3
03858406,"","","",,02155516,,0
03858406,"","","",,02642724,,1
03858406,"","","",,03242687,,2
03858406,"","","",,03785554,,3
03858407,"","","",,02504184,,0
03858407,"","","",,03214932,,1
03858407,"","","",,03525234,,2
03858407,"","","",,03626715,,3
03858407,"","","",,03798921,,4
03858407,"","","",,03810366,,5
03858408,"","","",,01963565,,0
03858408,"","","",,02010259,,1
03858408,"","","",,02054460,,2
03858408,"","","",,02139244,,3
03858408,"","","",,02398035,,4
03858408,"","","",,02500679,,5
03858408,"","","",,03008306,,6
03858409,"","","",,02449824,,0
03858409,"","","",,03405986,,1
03858409,"","","",,03674359,,2
03858410,"","","",,01723630,,0
03858410,"","","",,02187387,,1
03858410,"","","",,02203591,,2
03858410,"","","",,02492479,,3
03858410,"","","",,02664716,,4
03858411,"","","",,00607854,,0
03858411,"","","",,01223924,,1
03858411,"","","",,01304103,,2
03858411,"","","",,01648624,,3
03858411,"","","",,02304766,,4
03858412,"","","",,01483865,,0
03858412,"","","",,02239192,,1
03858412,"","","",,02354961,,2
03858412,"","","",,02841161,,3
03858412,"","","",,03028924,,4
03858412,"","","",,03055390,,5
03858412,"","","",,03403696,,6
03858413,"","","",,01483560,,0
03858413,"","","",,02209855,,1
03858413,"","","",,02439569,,2
03858413,"","","",,03353374,,3
03858415,"","","",,03668904,,0
03858415,"","","",,03780541,,1
03858415,"","","",,03781523,,2
03858416,"","","",,03324685,,0
03858416,"","","",,03327499,,1
03858416,"","","",,03680753,,2
03858416,"","","",,03781532,,3
03858417,"","","",,03036449,,0
03858417,"","","",,03108462,,1
03858417,"","","",,03159015,,2
03858417,"","","",,03550403,,3
03858417,"","","",,03668900,,4
03858417,"","","",,03738123,,5
03858417,"","","",,03745794,,6
03858418,"","","",,01642577,,0
03858418,"","","",,02039490,,1
03858418,"","","",,02313225,,2
03858418,"","","",,02797530,,3
03858418,"","","",,03267830,,4
03858418,"","","",,03295252,,5
03858418,"","","",,03354922,,6
03858419,"","","",,00786586,,0
03858419,"","","",,01662612,,1
03858420,"","","",,00016749,,0
03858420,"","","",,00904860,,1
03858420,"","","",,03001392,,2
03858421,"","","",,01042477,,0
03858421,"","","",,01492076,,1
03858421,"","","",,03263321,,2
03858421,"","","",,03606779,,3
03858422,"","","",,03252312,,0
03858422,"","","",,03438125,,1
03858422,"","","",,03555866,,2
03858422,"","","",,03557590,,3
03858422,"","","",,03566647,,4
03858422,"","","",,03575025,,5
03858422,"","","",,03654788,,6
03858423,"","","",,00873997,,0
03858423,"","","",,02709934,,1
03858423,"","","",,02710550,,2
03858423,"","","",,03143009,,3
03858423,"","","",,03167980,,4
03858423,"","","",,03301032,,5
03858424,"","","",,01071846,,0
03858424,"","","",,02601793,,1
03858424,"","","",,03076360,,2
03858424,"","","",,03147648,,3
03858424,"","","",,03169423,,4
03858424,"","","",,03461704,,5
03858425,"","","",,01382309,,0
03858425,"","","",,02987096,,1
03858425,"","","",,03435649,,2
03858425,"","","",,03492850,,3
03858426,"","","",,02741363,,0
03858426,"","","",,02887224,,1
03858426,"","","",,03731519,,2
03858426,"","","",,03748885,,3
03858427,"","","",,01610982,,0
03858427,"","","",,01702378,,1
03858427,"","","",,01766217,,2
03858427,"","","",,01807824,,3
03858427,"","","",,02700407,,4
03858427,"","","",,03316787,,5
03858428,"","","",,01956818,,0
03858428,"","","",,02471486,,1
03858428,"","","",,02742076,,2
03858428,"","","",,02804681,,3
03858428,"","","",,02851770,,4
03858428,"","","",,03119289,,5
03858428,"","","",,03561099,,6
03858428,"","","",,03588980,,7
03858428,"","","",,03628226,,8
03858429,"","","",,00696068,,0
03858429,"","","",,00747749,,1
03858429,"","","",,02887145,,2
03858429,"","","",,03051216,,3
03858429,"","","",,03324703,,4
03858429,"","","",,03472058,,5
03858430,"","","",,02132148,,0
03858430,"","","",,03543560,,1
03858430,"","","",,03559449,,2
03858431,"","","",,01326511,,0
03858431,"","","",,01571622,,1
03858431,"","","",,01758451,,2
03858431,"","","",,01977423,,3
03858431,"","","",,03168034,,4
03858431,"","","",,03307830,,5
03858432,"","","",,01437024,,0
03858432,"","","",,01827558,,1
03858432,"","","",,01883513,,2
03858432,"","","",,01960166,,3
03858432,"","","",,02102842,,4
03858432,"","","",,02652770,,5
03858432,"","","",,03030879,,6
03858432,"","","",,03130699,,7
03858432,"","","",,03301611,,8
03858432,"","","",,03464654,,9
03858432,"","","",,03493273,,10
03858432,"","","",,03549216,,11
03858432,"","","",,03557600,,12
03858432,"","","",,03590624,,13
03858432,"","","",,03727442,,14
03858433,"","","",,03059471,,0
03858433,"","","",,03473382,,1
03858434,"","","",,02484217,,0
03858434,"","","",,02824789,,1
03858434,"","","",,03476516,,2
03858434,"","","",,03507146,,3
03858434,"","","",,03552930,,4
03858435,"","","",,03400650,,0
03858435,"","","",,03468781,,1
03858435,"","","",,03589171,,2
03858435,"","","",,03690835,,3
03858435,"","","",,03701632,,4
03858436,"","","",,03464263,,0
03858436,"","","",,03584500,,1
03858436,"","","",,03662593,,2
03858437,"","","",,02847853,,0
03858437,"","","",,03024644,,1
03858437,"","","",,03140600,,2
03858437,"","","",,03190111,,3
03858437,"","","",,03712119,,4
03858438,"","","",,03354700,,0
03858438,"","","",,03427868,,1
03858439,"","","",,03505597,,0
03858439,"","","",,03713127,,1
03858439,"","","",,03822586,,2
03858440,"","","",,03248923,,0
03858440,"","","",,03315202,,1
03858440,"","","",,03482121,,2
03858440,"","","",,03612966,,3
03858440,"","","",,03719862,,4
03858441,"","","",,02957341,,0
03858441,"","","",,03270469,,1
03858441,"","","",,03442122,,2
03858441,"","","",,03442123,,3
03858441,"","","",,03772911,,4
03858442,"","","",,00213525,,0
03858442,"","","",,00642978,,1
03858442,"","","",,01937115,,2
03858442,"","","",,02187345,,3
03858442,"","","",,03193035,,4
03858442,"","","",,03533284,,5
03858442,"","","",,03537301,,6
03858442,"","","",,03564911,,7
03858442,"","","",,03572102,,8
03858442,"","","",,03580060,,9
03858443,"","","",,02385005,,0
03858443,"","","",,03538763,,1
03858443,"","","",,03595074,,2
03858444,"","","",,03385136,,0
03858444,"","","",,03596718,,1
03858444,"","","",,03613853,,2
03858444,"","","",,03710874,,3
03858445,"","","",,02441894,,0
03858445,"","","",,03452592,,1
03858446,"","","",,03588720,,0
03858446,"","","",,03654564,,1
03858446,"","","",,03699462,,2
03858446,"","","",,03762221,,3
03858447,"","","",,01747536,,0
03858447,"","","",,02526635,,1
03858447,"","","",,03392579,,2
03858448,"","","",,03388595,,0
03858449,"","","",,02811041,,0
03858449,"","","",,03096653,,1
03858449,"","","",,03747411,,2
03858450,"","","",,03327535,,0
03858450,"","","",,03376751,,1
03858450,"","","",,03419358,,2
03858450,"","","",,03479880,,3
03858450,"","","",,03489525,,4
03858450,"","","",,03530721,,5
03858451,"","","",,03148456,,0
03858452,"","","",,03051014,,0
03858452,"","","",,03069151,,1
03858452,"","","",,03220718,,2
03858452,"","","",,03235246,,3
03858453,"","","",,00583825,,0
03858453,"","","",,00662077,,1
03858453,"","","",,00671495,,2
03858453,"","","",,00912131,,3
03858453,"","","",,00918934,,4
03858453,"","","",,01170877,,5
03858454,"","","",,02934199,,0
03858454,"","","",,03016757,,1
03858454,"","","",,03394608,,2
03858455,"","","",,00679365,,0
03858455,"","","",,01987006,,1
03858455,"","","",,02292303,,2
03858455,"","","",,03675508,,3
03858456,"","","",,00974502,,0
03858456,"","","",,02099594,,1
03858456,"","","",,02715051,,2
03858456,"","","",,03073278,,3
03858456,"","","",,03130599,,4
03858456,"","","",,03417634,,5
03858456,"","","",,03511105,,6
03858456,"","","",,03647011,,7
03858457,"","","",,02706020,,0
03858458,"","","",,01522596,,0
03858458,"","","",,01553767,,1
03858458,"","","",,02657591,,2
03858458,"","","",,03348851,,3
03858458,"","","",,03523599,,4
03858459,"","","",,02691901,,0
03858459,"","","",,02950629,,1
03858459,"","","",,02978928,,2
03858459,"","","",,03096666,,3
03858459,"","","",,03293934,,4
03858459,"","","",,03638771,,5
03858459,"","","",,03691872,,6
03858460,"","","",,03128642,,0
03858460,"","","",,03352392,,1
03858460,"","","",,03799304,,2
03858461,"","","",,01383047,,0
03858461,"","","",,02223768,,1
03858461,"","","",,03016600,,2
03858461,"","","",,03166957,,3
03858461,"","","",,03216286,,4
03858461,"","","",,03290917,,5
03858462,"","","",,00228233,,0
03858462,"","","",,00461649,,1
03858462,"","","",,00598711,,2
03858462,"","","",,01152111,,3
03858462,"","","",,02289267,,4
03858462,"","","",,03442163,,5
03858462,"","","",,03548689,,6
03858463,"","","",,00506261,,0
03858463,"","","",,02043546,,1
03858463,"","","",,02978072,,2
03858463,"","","",,03259365,,3
03858464,"","","",,00564513,,0
03858464,"","","",,00717400,,1
03858464,"","","",,00956259,,2
03858464,"","","",,01391898,,3
03858464,"","","",,01573409,,4
03858464,"","","",,01954141,,5
03858464,"","","",,03757614,,6
03858465,"","","",,00885596,,0
03858465,"","","",,01120751,,1
03858465,"","","",,02696134,,2
03858466,"","","",,00584814,,0
03858466,"","","",,00618859,,1
03858466,"","","",,00637375,,2
03858467,"","","",,02855814,,0
03858467,"","","",,02879681,,1
03858467,"","","",,03717054,,2
03858468,"","","",,01453176,,0
03858468,"","","",,03608809,,1
03858468,"","","",,03698267,,2
03858469,"","","",,01670317,,0
03858469,"","","",,03052146,,1
03858470,"","","",,01082926,,0
03858470,"","","",,02151377,,1
03858470,"","","",,02506117,,2
03858470,"","","",,03349822,,3
03858471,"","","",,01241255,,0
03858471,"","","",,03090261,,1
03858471,"","","",,03094015,,2
03858471,"","","",,03127661,,3
03858471,"","","",,03253484,,4
03858471,"","","",,03785235,,5
03858472,"","","",,02355082,,0
03858472,"","","",,03074565,,1
03858472,"","","",,03473357,,2
03858472,"","","",,03726166,,3
03858473,"","","",,01843208,,0
03858473,"","","",,02639025,,1
03858473,"","","",,03304820,,2
03858473,"","","",,03347121,,3
03858473,"","","",,03497056,,4
03858473,"","","",,03642120,,5
03858473,"","","",,03666085,,6
03858474,"","","",,03757618,,0
03858474,"","","",,03768101,,1
03858475,"","","",,00813743,,0
03858475,"","","",,01589207,,1
03858475,"","","",,01609093,,2
03858475,"","","",,02222528,,3
03858475,"","","",,03056325,,4
03858475,"","","",,03137192,,5
03858475,"","","",,03648557,,6
03858475,"","","",,03791246,,7
03858476,"","","",,02776610,,0
03858476,"","","",,02957379,,1
03858476,"","","",,03138985,,2
03858476,"","","",,03199392,,3
03858476,"","","",,03456540,,4
03858476,"","","",,03744360,,5
03858477,"","","",,01173784,,0
03858477,"","","",,01369268,,1
03858477,"","","",,01772670,,2
03858478,"","","",,00376791,,0
03858478,"","","",,02724116,,1
03858478,"","","",,02761348,,2
03858478,"","","",,02855817,,3
03858478,"","","",,03208330,,4
03858478,"","","",,03320845,,5
03858478,"","","",,03408891,,6
03858479,"","","",,02562336,,0
03858479,"","","",,02625071,,1
03858479,"","","",,03227031,,2
03858479,"","","",,03303736,,3
03858479,"","","",,03453927,,4
03858479,"","","",,03463046,,5
03858479,"","","",,03653294,,6
03858479,"","","",,03667340,,7
03858480,"","","",,00474120,,0
03858480,"","","",,00518775,,1
03858480,"","","",,00812049,,2
03858480,"","","",,02122396,,3
03858480,"","","",,03435722,,4
03858481,"","","",,02503491,,0
03858481,"","","",,02656637,,1
03858481,"","","",,02916970,,2
03858481,"","","",,03367055,,3
03858481,"","","",,03665804,,4
03858482,"","","",,01148065,,0
03858482,"","","",,02276945,,1
03858483,"","","",,02642809,,0
03858483,"","","",,02847938,,1
03858483,"","","",,03040672,,2
03858483,"","","",,03094078,,3
03858483,"","","",,03177666,,4
03858483,"","","",,03199461,,5
03858483,"","","",,03208397,,6
03858483,"","","",,03289606,,7
03858484,"","","",,01876104,,0
03858484,"","","",,02260979,,1
03858484,"","","",,02372710,,2
03858484,"","","",,02613649,,3
03858484,"","","",,03732027,,4
03858485,"","","",,03357451,,0
03858485,"","","",,03426649,,1
03858485,"","","",,03452397,,2
03858485,"","","",,03483798,,3
03858486,"","","",,02381741,,0
03858486,"","","",,02712794,,1
03858486,"","","",,02895426,,2
03858486,"","","",,02972962,,3
03858486,"","","",,03068805,,4
03858486,"","","",,03086477,,5
03858486,"","","",,03136263,,6
03858486,"","","",,03270685,,7
03858486,"","","",,03295459,,8
03858486,"","","",,03353493,,9
03858486,"","","",,03398698,,10
03858486,"","","",,03470825,,11
03858487,"","","",,02155455,,0
03858487,"","","",,02292181,,1
03858487,"","","",,02528739,,2
03858487,"","","",,02815718,,3
03858487,"","","",,02821145,,4
03858487,"","","",,03046950,,5
03858487,"","","",,03073254,,6
03858487,"","","",,03142262,,7
03858487,"","","",,03153987,,8
03858487,"","","",,03228346,,9
03858487,"","","",,03255706,,10
03858487,"","","",,03366017,,11
03858487,"","","",,03554095,,12
03858488,"","","",,03485537,,0
03858488,"","","",,03576152,,1
03858488,"","","",,03712181,,2
03858488,"","","",,03717072,,3
03858489,"","","",,02196440,,0
03858489,"","","",,02832270,,1
03858489,"","","",,03125007,,2
03858489,"","","",,03354796,,3
03858489,"","","",,03590700,,4
03858489,"","","",,03611885,,5
03858490,"","","",,02853296,,0
03858490,"","","",,03420037,,1
03858490,"","","",,03613525,,2
03858490,"","","",,03680854,,3
03858490,"","","",,03783752,,4
03858491,"","","",,02152447,,0
03858491,"","","",,02996971,,1
03858491,"","","",,03091423,,2
03858491,"","","",,03313226,,3
03858491,"","","",,03591980,,4
03858491,"","","",,03685428,,5
03858491,"","","",,03706165,,6
03858491,"","","",,03718081,,7
03858492,"","","",,03097145,,0
03858492,"","","",,03348952,,1
03858492,"","","",,03607655,,2
03858493,"","","",,01901611,,0
03858493,"","","",,01953291,,1
03858493,"","","",,02285930,,2
03858494,"","","",,01115872,,0
03858494,"","","",,01486064,,1
03858494,"","","",,03135189,,2
03858495,"","","",,00872837,,0
03858495,"","","",,00958857,,1
03858495,"","","",,02244935,,2
03858495,"","","",,02649852,,3
03858495,"","","",,02939384,,4
03858495,"","","",,03232439,,5
03858495,"","","",,03297166,,6
03858495,"","","",,03393822,,7
03858495,"","","",,03590726,,8
03858496,"","","",,01101730,,0
03858496,"","","",,01299135,,1
03858496,"","","",,01706491,,2
03858496,"","","",,02175324,,3
03858496,"","","",,02257408,,4
03858496,"","","",,02744635,,5
03858496,"","","",,03563160,,6
03858497,"","","",,00625739,,0
03858497,"","","",,02179742,,1
03858497,"","","",,02714861,,2
03858497,"","","",,02835920,,3
03858497,"","","",,02868141,,4
03858497,"","","",,03656517,,5
03858498,"","","",,03222035,,0
03858499,"","","",,03062737,,0
03858499,"","","",,03230860,,1
03858499,"","","",,03755915,,2
03858500,"","","",,02130610,,0
03858500,"","","",,02199876,,1
03858500,"","","",,02270007,,2
03858500,"","","",,02428157,,3
03858500,"","","",,02602479,,4
03858500,"","","",,02937678,,5
03858500,"","","",,03183955,,6
03858501,"","","",,02707503,,0
03858501,"","","",,02740439,,1
03858501,"","","",,02812793,,2
03858501,"","","",,03435863,,3
03858501,"","","",,03621898,,4
03858502,"","","",,03747512,,0
03858503,"","","",,03269300,,0
03858503,"","","",,03368323,,1
03858503,"","","",,03397105,,2
03858503,"","","",,03470814,,3
03858503,"","","",,03494280,,4
03858503,"","","",,03577910,,5
03858503,"","","",,03749622,,6
03858503,"","","",,03771436,,7
03858504,"","","",,00072573,,0
03858504,"","","",,00500490,,1
03858504,"","","",,01852055,,2
03858504,"","","",,03288177,,3
03858504,"","","",,03554117,,4
03858504,"","","",,03608476,,5
03858505,"","","",,00043095,,0
03858505,"","","",,01493335,,1
03858505,"","","",,02146158,,2
03858505,"","","",,02356122,,3
03858505,"","","",,03357345,,4
03858506,"","","",,03223033,,0
03858506,"","","",,03309987,,1
03858506,"","","",,03318430,,2
03858506,"","","",,03413922,,3
03858506,"","","",,03515060,,4
03858506,"","","",,03709144,,5
03858507,"","","",,03304860,,0
03858507,"","","",,03556004,,1
03858507,"","","",,03565001,,2
03858507,"","","",,03599565,,3
03858507,"","","",,03608482,,4
03858508,"","","",,03431841,,0
03858508,"","","",,03521560,,1
03858508,"","","",,03577916,,2
03858508,"","","",,03702586,,3
03858509,"","","",,03172353,,0
03858509,"","","",,03286807,,1
03858509,"","","",,03314360,,2
03858509,"","","",,03333089,,3
03858509,"","","",,03349885,,4
03858509,"","","",,03465217,,5
03858509,"","","",,03623587,,6
03858509,"","","",,03677387,,7
03858509,"","","",,03712212,,8
03858509,"","","",,03713523,,9
03858509,"","","",,03723824,,10
03858510,"","","",,03556791,,0
03858510,"","","",,03616370,,1
03858510,"","","",,03677920,,2
03858510,"","","",,03695877,,3
03858511,"","","",,01674426,,0
03858511,"","","",,01954550,,1
03858511,"","","",,01966121,,2
03858511,"","","",,02050950,,3
03858511,"","","",,02103617,,4
03858511,"","","",,02211910,,5
03858511,"","","",,02748699,,6
03858511,"","","",,02768578,,7
03858511,"","","",,02990000,,8
03858511,"","","",,03017830,,9
03858511,"","","",,03110255,,10
03858511,"","","",,03195458,,11
03858511,"","","",,03335663,,12
03858511,"","","",,03416447,,13
03858511,"","","",,03424085,,14
03858511,"","","",,03470817,,15
03858511,"","","",,03696744,,16
03858511,"","","",,03750572,,17
03858511,"","","",,03791295,,18
03858512,"","","",,01345300,,0
03858512,"","","",,02320239,,1
03858512,"","","",,03017830,,2
03858512,"","","",,03154012,,3
03858512,"","","",,03168040,,4
03858512,"","","",,03685445,,5
03858513,"","","",,02021894,,0
03858513,"","","",,03490367,,1
03858513,"","","",,03664260,,2
03858513,"","","",,03731624,,3
03858514,"","","",,02633796,,0
03858514,"","","",,02848088,,1
03858514,"","","",,02901374,,2
03858514,"","","",,02932278,,3
03858514,"","","",,02999275,,4
03858514,"","","",,03045587,,5
03858514,"","","",,03124725,,6
03858514,"","","",,03254626,,7
03858514,"","","",,03299806,,8
03858514,"","","",,03310421,,9
03858514,"","","",,03333334,,10
03858514,"","","",,03341854,,11
03858514,"","","",,03484318,,12
03858514,"","","",,03496304,,13
03858514,"","","",,03526191,,14
03858514,"","","",,03530794,,15
03858514,"","","",,03608488,,16
03858514,"","","",,03615993,,17
03858514,"","","",,03641585,,18
03858514,"","","",,03643629,,19
03858514,"","","",,03653066,,20
03858514,"","","",,03662395,,21
03858514,"","","",,03714664,,22
03858515,"","","",,01182488,,0
03858515,"","","",,01230933,,1
03858515,"","","",,01687341,,2
03858515,"","","",,02737888,,3
03858516,"","","",,02472366,,0
03858516,"","","",,02485887,,1
03858516,"","","",,02487789,,2
03858516,"","","",,02511872,,3
03858517,"","","",,00895256,,0
03858517,"","","",,02742288,,1
03858517,"","","",,03291486,,2
03858517,"","","",,03473483,,3
03858517,"","","",,03690265,,4
03858518,"","","",,02745542,,0
03858518,"","","",,03590743,,1
03858518,"","","",,03610160,,2
03858518,"","","",,03626857,,3
03858518,"","","",,03631806,,4
03858519,"","","",,02916792,,0
03858520,"","","",,00496329,,0
03858520,"","","",,00692137,,1
03858520,"","","",,02923254,,2
03858520,"","","",,03252428,,3
03858520,"","","",,03712237,,4
03858520,"","","",,03717102,,5
03858521,"","","",,03470828,,0
03858521,"","","",,03589300,,1
03858521,"","","",,03644762,,2
03858521,"","","",,03662689,,3
03858521,"","","",,03736880,,4
03858523,"","","",,03338182,,0
03858523,"","","",,03724584,,1
03858524,"","","",,00376365,,0
03858524,"","","",,00912005,,1
03858524,"","","",,01334896,,2
03858525,"","","",,01386589,,0
03858525,"","","",,01840351,,1
03858525,"","","",,02501307,,2
03858525,"","","",,02699732,,3
03858525,"","","",,02976819,,4
03858525,"","","",,03014433,,5
03858525,"","","",,03135224,,6
03858525,"","","",,03152558,,7
03858525,"","","",,03443527,,8
03858525,"","","",,03468389,,9
03858525,"","","",,03516365,,10
03858526,"","","",,03590549,,0
03858526,"","","",,03626654,,1
03858526,"","","",,03746160,,2
03858527,"","","",,00924225,,0
03858527,"","","",,02444326,,1
03858527,"","","",,02705120,,2
03858527,"","","",,02967080,,3
03858527,"","","",,03602157,,4
03858527,"","","",,03638586,,5
03858527,"","","",,03699902,,6
03858528,"","","",,02875008,,0
03858528,"","","",,03053598,,1
03858528,"","","",,03342147,,2
03858528,"","","",,03347186,,3
03858528,"","","",,03512857,,4
03858528,"","","",,03513985,,5
03858528,"","","",,03533362,,6
03858528,"","","",,03688419,,7
03858528,"","","",,03698104,,8
03858528,"","","",,03741852,,9
03858529,"","","",,01623575,,0
03858529,"","","",,01732113,,1
03858529,"","","",,02373722,,2
03858529,"","","",,02600922,,3
03858529,"","","",,03004745,,4
03858529,"","","",,03170415,,5
03858529,"","","",,03236389,,6
03858529,"","","",,03646896,,7
03858529,"","","",,03709086,,8
03858530,"","","",,01460928,,0
03858530,"","","",,01667913,,1
03858530,"","","",,01854777,,2
03858530,"","","",,02099657,,3
03858530,"","","",,02407721,,4
03858530,"","","",,02939589,,5
03858530,"","","",,03065860,,6
03858530,"","","",,03102616,,7
03858530,"","","",,03341160,,8
03858530,"","","",,03523508,,9
03858530,"","","",,03544185,,10
03858531,"","","",,00963883,,0
03858531,"","","",,01468991,,1
03858531,"","","",,01730745,,2
03858531,"","","",,01760604,,3
03858531,"","","",,01805759,,4
03858531,"","","",,02010877,,5
03858531,"","","",,02758296,,6
03858532,"","","",,03604375,,0
03858532,"","","",,03780674,,1
03858533,"","","",,02811937,,0
03858533,"","","",,03538865,,1
03858533,"","","",,03645218,,2
03858533,"","","",,03651771,,3
03858533,"","","",,03707128,,4
03858533,"","","",,03749031,,5
03858534,"","","",,02537467,,0
03858534,"","","",,03412696,,1
03858534,"","","",,03570421,,2
03858534,"","","",,03648629,,3
03858534,"","","",,03747542,,4
03858535,"","","",,03141426,,0
03858535,"","","",,03367769,,1
03858535,"","","",,03521581,,2
03858535,"","","",,03552333,,3
03858535,"","","",,03697256,,4
03858536,"","","",,02739550,,0
03858536,"","","",,03125046,,1
03858536,"","","",,03182618,,2
03858536,"","","",,03246618,,3
03858537,"","","",,00752213,,0
03858537,"","","",,01441575,,1
03858537,"","","",,01878915,,2
03858537,"","","",,01924378,,3
03858538,"","","",,02586936,,0
03858539,"","","",,03024751,,0
03858539,"","","",,03511199,,1
03858539,"","","",,03511201,,2
03858539,"","","",,03716008,,3
03858539,"","","",,03726243,,4
03858539,"","","",,03735718,,5
03858540,"","","",,02025750,,0
03858540,"","","",,02682850,,1
03858540,"","","",,02950697,,2
03858540,"","","",,03319330,,3
03858540,"","","",,03407640,,4
03858540,"","","",,03422525,,5
03858541,"","","",,01357473,,0
03858541,"","","",,02747536,,1
03858541,"","","",,02987024,,2
03858541,"","","",,03019755,,3
03858541,"","","",,03126855,,4
03858541,"","","",,03152569,,5
03858541,"","","",,03173160,,6
03858541,"","","",,03216388,,7
03858541,"","","",,03347201,,8
03858541,"","","",,03411169,,9
03858541,"","","",,03630163,,10
03858541,"","","",,03659546,,11
03858542,"","","",,00302517,,0
03858542,"","","",,01859178,,1
03858542,"","","",,02577917,,2
03858542,"","","",,02793870,,3
03858542,"","","",,03455261,,4
03858543,"","","",,02641215,,0
03858543,"","","",,02789526,,1
03858543,"","","",,02840029,,2
03858543,"","","",,03120830,,3
03858544,"","","",,02533191,,0
03858544,"","","",,03136649,,1
03858545,"","","",,01153585,,0
03858545,"","","",,02182068,,1
03858545,"","","",,03137591,,2
03858545,"","","",,03710754,,3
03858546,"","","",,01743275,,0
03858546,"","","",,02081888,,1
03858546,"","","",,02320529,,2
03858546,"","","",,03596633,,3
03858547,"","","",,02351537,,0
03858547,"","","",,03023727,,1
03858547,"","","",,03128205,,2
03858547,"","","",,03486237,,3
03858547,"","","",,03636917,,4
03858548,"","","",,02738762,,0
03858548,"","","",,03089788,,1
03858548,"","","",,03208888,,2
03858548,"","","",,03235418,,3
03858548,"","","",,03658585,,4
03858549,"","","",,02897329,,0
03858549,"","","",,03108073,,1
03858549,"","","",,03141848,,2
03858549,"","","",,03558376,,3
03858550,"","","",,03669064,,0
03858550,"","","",,03669067,,1
03858550,"","","",,03695219,,2
03858551,"","","",,00411504,,0
03858551,"","","",,01537117,,1
03858551,"","","",,02025467,,2
03858551,"","","",,02157875,,3
03858551,"","","",,02701546,,4
03858551,"","","",,03435835,,5
03858551,"","","",,03551219,,6
03858551,"","","",,03606986,,7
03858552,"","","",,00221939,,0
03858552,"","","",,02303088,,1
03858552,"","","",,02373638,,2
03858552,"","","",,02602415,,3
03858552,"","","",,03230105,,4
03858552,"","","",,03351289,,5
03858553,"","","",,00553547,,0
03858553,"","","",,02042559,,1
03858553,"","","",,03589336,,2
03858553,"","","",,03632431,,3
03858553,"","","",,03692592,,4
03858553,"","","",,03783825,,5
03858553,"","","",,03791344,,6
03858553,"","","",,03804060,,7
03858553,"","","",,03827399,,8
03858554,"","","",,03601095,,0
03858554,"","","",,03685034,,1
03858555,"","","",,02712677,,0
03858555,"","","",,03105462,,1
03858555,"","","",,03541994,,2
03858556,"","","",,02312223,,0
03858556,"","","",,02386842,,1
03858556,"","","",,02754807,,2
03858556,"","","",,03604400,,3
03858556,"","","",,03608525,,4
03858557,"","","",,01636486,,0
03858557,"","","",,02791881,,1
03858557,"","","",,03139722,,2
03858558,"","","",,03255737,,0
03858558,"","","",,03766893,,1
03858558,"","","",,03780707,,2
03858558,"","","",,03805747,,3
03858559,"","","",,00054581,,0
03858559,"","","",,00986116,,1
03858559,"","","",,01050300,,2
03858559,"","","",,01953378,,3
03858559,"","","",,01996875,,4
03858559,"","","",,02193178,,5
03858559,"","","",,02367326,,6
03858559,"","","",,02461757,,7
03858559,"","","",,02864346,,8
03858560,"","","",,00957631,,0
03858561,"","","",,03612013,,0
03858561,"","","",,03623459,,1
03858561,"","","",,03689753,,2
03858561,"","","",,03696303,,3
03858561,"","","",,03780587,,4
03858561,"","","",,03780711,,5
03858562,"","","",,02573989,,0
03858562,"","","",,03257998,,1
03858562,"","","",,03444335,,2
03858562,"","","",,03487817,,3
03858563,"","","",,03356082,,0
03858563,"","","",,03704699,,1
03858564,"","","",,02259480,,0
03858564,"","","",,03625190,,1
03858564,"","","",,03780715,,2
03858565,"","","",,03444847,,0
03858565,"","","",,03714933,,1
03858565,"","","",,03726512,,2
03858565,"","","",,03744715,,3
03858565,"","","",,03744716,,4
03858565,"","","",,03801078,,5
03858566,"","","",,02374685,,0
03858566,"","","",,02723655,,1
03858566,"","","",,02848987,,2
03858566,"","","",,02942599,,3
03858566,"","","",,03127884,,4
03858566,"","","",,03306277,,5
03858566,"","","",,03375814,,6
03858566,"","","",,03465740,,7
03858566,"","","",,03518979,,8
03858567,"","","",,00402982,,0
03858567,"","","",,00835150,,1
03858567,"","","",,01485979,,2
03858567,"","","",,02758592,,3
03858567,"","","",,02816539,,4
03858567,"","","",,02835245,,5
03858567,"","","",,02997042,,6
03858567,"","","",,03420221,,7
03858568,"","","",,02622583,,0
03858568,"","","",,02739584,,1
03858568,"","","",,03205884,,2
03858568,"","","",,03322111,,3
03858569,"","","",,02283355,,0
03858569,"","","",,03335753,,1
03858569,"","","",,03589271,,2
03858569,"","","",,03719308,,3
03858570,"","","",,00899103,,0
03858570,"","","",,00926304,,1
03858570,"","","",,01031052,,2
03858570,"","","",,01510557,,3
03858570,"","","",,01882093,,4
03858570,"","","",,02600240,,5
03858570,"","","",,02848783,,6
03858570,"","","",,02888162,,7
03858570,"","","",,03187744,,8
03858570,"","","",,03190711,,9
03858570,"","","",,03345985,,10
03858570,"","","",,03464388,,11
03858570,"","","",,03529590,,12
03858570,"","","",,03698397,,13
03858571,"","","",,03042030,,0
03858571,"","","",,03404682,,1
03858571,"","","",,03422813,,2
03858571,"","","",,03463141,,3
03858571,"","","",,03467090,,4
03858571,"","","",,03472231,,5
03858571,"","","",,03675642,,6
03858571,"","","",,03680542,,7
03858571,"","","",,03768102,,8
03858572,"","","",,02337347,,0
03858572,"","","",,03407817,,1
03858572,"","","",,03481323,,2
03858572,"","","",,03642005,,3
03858572,"","","",,03709222,,4
03858572,"","","",,03731679,,5
03858573,"","","",,01685557,,0
03858573,"","","",,02795223,,1
03858573,"","","",,03306283,,2
03858573,"","","",,03343529,,3
03858574,"","","",,03228391,,0
03858574,"","","",,03556084,,1
03858574,"","","",,03572322,,2
03858574,"","","",,03599628,,3
03858574,"","","",,03608545,,4
03858574,"","","",,03646931,,5
03858574,"","","",,03661147,,6
03858574,"","","",,03717140,,7
03858575,"","","",,01585104,,0
03858575,"","","",,01805471,,1
03858575,"","","",,02580628,,2
03858576,"","","",,03495584,,0
03858576,"","","",,03561428,,1
03858576,"","","",,03776228,,2
03858577,"","","",,03456641,,0
03858577,"","","",,03467098,,1
03858577,"","","",,03471215,,2
03858577,"","","",,03769963,,3
03858578,"","","",,00205069,,0
03858578,"","","",,01276117,,1
03858578,"","","",,01279803,,2
03858578,"","","",,01460697,,3
03858578,"","","",,02334841,,4
03858578,"","","",,03542015,,5
03858578,"","","",,03638973,,6
03858578,"","","",,03643655,,7
03858579,"","","",,00718594,,0
03858579,"","","",,01611811,,1
03858579,"","","",,01728368,,2
03858580,"","","",,02111985,,0
03858580,"","","",,02232978,,1
03858580,"","","",,02377274,,2
03858580,"","","",,02610628,,3
03858580,"","","",,03467097,,4
03858580,"","","",,03494359,,5
03858580,"","","",,03670728,,6
03858581,"","","",,02602446,,0
03858581,"","","",,02627270,,1
03858581,"","","",,03091239,,2
03858581,"","","",,03631847,,3
03858581,"","","",,03701345,,4
03858582,"","","",,00498760,,0
03858582,"","","",,02589426,,1
03858582,"","","",,03090383,,2
03858582,"","","",,03254449,,3
03858582,"","","",,03542023,,4
03858582,"","","",,03659602,,5
03858582,"","","",,03696806,,6
03858583,"","","",,02517482,,0
03858583,"","","",,03507277,,1
03858583,"","","",,03635219,,2
03858583,"","","",,03669113,,3
03858583,"","","",,03807400,,4
03858584,"","","",,00297274,,0
03858584,"","","",,01052218,,1
03858584,"","","",,03212500,,2
03858584,"","","",,03316911,,3
03858584,"","","",,03804093,,4
03858585,"","","",,02486805,,0
03858585,"","","",,02952259,,1
03858585,"","","",,02952260,,2
03858585,"","","",,03005456,,3
03858585,"","","",,03525735,,4
03858585,"","","",,03589364,,5
03858585,"","","",,03731686,,6
03858586,"","","",,01945327,,0
03858586,"","","",,02008526,,1
03858586,"","","",,02022065,,2
03858586,"","","",,02047535,,3
03858586,"","","",,02102270,,4
03858586,"","","",,02382109,,5
03858586,"","","",,03163165,,6
03858586,"","","",,03294085,,7
03858586,"","","",,03357433,,8
03858587,"","","",,01507263,,0
03858587,"","","",,01669843,,1
03858587,"","","",,02494776,,2
03858587,"","","",,02786471,,3
03858587,"","","",,02820462,,4
03858587,"","","",,02888935,,5
03858587,"","","",,02911979,,6
03858587,"","","",,03251365,,7
03858587,"","","",,03324861,,8
03858587,"","","",,03368566,,9
03858587,"","","",,03674036,,10
03858588,"","","",,02076521,,0
03858588,"","","",,02654371,,1
03858588,"","","",,03173429,,2
03858588,"","","",,03706315,,3
03858589,"","","",,02248533,,0
03858589,"","","",,02749922,,1
03858590,"","","",,00182102,,0
03858590,"","","",,00205576,,1
03858590,"","","",,00549161,,2
03858590,"","","",,00649848,,3
03858590,"","","",,01539706,,4
03858590,"","","",,02849007,,5
03858590,"","","",,03179954,,6
03858591,"","","",,00170497,,0
03858591,"","","",,01450259,,1
03858591,"","","",,02736325,,2
03858591,"","","",,03561457,,3
03858591,"","","",,03678942,,4
03858592,"","","",,00617406,,0
03858592,"","","",,01106315,,1
03858592,"","","",,01435160,,2
03858592,"","","",,01651898,,3
03858592,"","","",,01944502,,4
03858592,"","","",,02145462,,5
03858593,"","","",,00438903,,0
03858593,"","","",,00520881,,1
03858593,"","","",,02329169,,2
03858593,"","","",,03232296,,3
03858593,"","","",,03515147,,4
03858594,"","","",,01233687,,0
03858594,"","","",,01260011,,1
03858594,"","","",,01700550,,2
03858594,"","","",,03747611,,3
03858595,"","","",,02644473,,0
03858595,"","","",,03014488,,1
03858595,"","","",,03279481,,2
03858595,"","","",,03760825,,3
03858596,"","","",,01157314,,0
03858596,"","","",,01209997,,1
03858596,"","","",,01332642,,2
03858596,"","","",,02197279,,3
03858597,"","","",,03675252,,0
03858597,"","","",,03815160,,1
03858598,"","","",,01788429,,0
03858598,"","","",,02984251,,1
03858598,"","","",,03113582,,2
03858598,"","","",,03690115,,3
03858598,"","","",,03726307,,4
03858599,"","","",,02329368,,0
03858599,"","","",,02600187,,1
03858599,"","","",,02665710,,2
03858599,"","","",,02730326,,3
03858599,"","","",,03017896,,4
03858599,"","","",,03063466,,5
03858599,"","","",,03070116,,6
03858599,"","","",,03158170,,7
03858599,"","","",,03491788,,8
03858599,"","","",,03566905,,9
03858600,"","","",,01001069,,0
03858600,"","","",,01203153,,1
03858600,"","","",,02675829,,2
03858600,"","","",,03712646,,3
03858601,"","","",,00325590,,0
03858601,"","","",,00422583,,1
03858601,"","","",,00800740,,2
03858601,"","","",,00875264,,3
03858601,"","","",,01393987,,4
03858601,"","","",,01920545,,5
03858601,"","","",,01928279,,6
03858601,"","","",,03186737,,7
03858601,"","","",,03281080,,8
03858602,"","","",,00579513,,0
03858602,"","","",,02988099,,1
03858602,"","","",,03104678,,2
03858602,"","","",,03404703,,3
03858603,"","","",,00584278,,0
03858603,"","","",,00601472,,1
03858603,"","","",,01435331,,2
03858603,"","","",,01851084,,3
03858603,"","","",,03620240,,4
03858603,"","","",,03722544,,5
03858604,"","","",,00586618,,0
03858604,"","","",,01926565,,1
03858604,"","","",,02508615,,2
03858604,"","","",,02956582,,3
03858604,"","","",,03445863,,4
03858604,"","","",,03565106,,5
03858604,"","","",,03572375,,6
03858605,"","","",,02798505,,0
03858605,"","","",,03823735,,1
03858606,"","","",,03347259,,0
03858606,"","","",,03677298,,1
03858606,"","","",,03757818,,2
03858607,"","","",,02682386,,0
03858607,"","","",,02897836,,1
03858607,"","","",,02904068,,2
03858607,"","","",,02969218,,3
03858607,"","","",,02980139,,4
03858607,"","","",,03038499,,5
03858607,"","","",,03126915,,6
03858607,"","","",,03272218,,7
03858607,"","","",,03331583,,8
03858607,"","","",,03415282,,9
03858607,"","","",,03701599,,10
03858608,"","","",,02291563,,0
03858608,"","","",,02793900,,1
03858608,"","","",,03642020,,2
03858609,"","","",,03546077,,0
03858610,"","","",,02937052,,0
03858610,"","","",,02985490,,1
03858610,"","","",,03115371,,2
03858610,"","","",,03181917,,3
03858610,"","","",,03752190,,4
03858611,"","","",,02783946,,0
03858611,"","","",,03275035,,1
03858611,"","","",,03439711,,2
03858612,"","","",,00380082,,0
03858612,"","","",,00590584,,1
03858612,"","","",,02078003,,2
03858613,"","","",,01708657,,0
03858613,"","","",,02732864,,1
03858613,"","","",,02745438,,2
03858613,"","","",,03023995,,3
03858613,"","","",,03473640,,4
03858614,"","","",,00928265,,0
03858614,"","","",,02862367,,1
03858614,"","","",,03496964,,2
03858614,"","","",,03757826,,3
03858615,"","","",,03122171,,0
03858616,"","","",,03559693,,0
03858617,"","","",,02360830,,0
03858617,"","","",,02653887,,1
03858617,"","","",,02703109,,2
03858617,"","","",,02748805,,3
03858617,"","","",,02854031,,4
03858617,"","","",,03080893,,5
03858617,"","","",,03323962,,6
03858617,"","","",,03438401,,7
03858618,"","","",,00359222,,0
03858618,"","","",,01630895,,1
03858618,"","","",,01838242,,2
03858618,"","","",,02193036,,3
03858618,"","","",,02564602,,4
03858618,"","","",,02787289,,5
03858618,"","","",,03014501,,6
03858618,"","","",,03374013,,7
03858619,"","","",,02351513,,0
03858619,"","","",,02705022,,1
03858620,"","","",,00223332,,0
03858620,"","","",,00665224,,1
03858620,"","","",,01839994,,2
03858620,"","","",,03785559,,3
03858621,"","","",,03378042,,0
03858621,"","","",,03735783,,1
03858622,"","","",,03172430,,0
03858622,"","","",,03597300,,1
03858623,"","","",,01927498,,0
03858623,"","","",,02755047,,1
03858623,"","","",,02903021,,2
03858623,"","","",,03032441,,3
03858623,"","","",,03139119,,4
03858623,"","","",,03143150,,5
03858623,"","","",,03159530,,6
03858623,"","","",,03211606,,7
03858623,"","","",,03327866,,8
03858623,"","","",,03335986,,9
03858623,"","","",,03421230,,10
03858623,"","","",,03473576,,11
03858623,"","","",,03477477,,12
03858623,"","","",,03603354,,13
03858624,"","","",,01397316,,0
03858624,"","","",,01995916,,1
03858624,"","","",,02085957,,2
03858625,"","","",,02048374,,0
03858625,"","","",,02146104,,1
03858625,"","","",,02156062,,2
03858625,"","","",,03114399,,3
03858625,"","","",,03129728,,4
03858626,"","","",,02619916,,0
03858626,"","","",,03118393,,1
03858626,"","","",,03120761,,2
03858626,"","","",,03696890,,3
03858627,"","","",,02466769,,0
03858627,"","","",,02526286,,1
03858627,"","","",,02937856,,2
03858627,"","","",,03581649,,3
03858627,"","","",,03590918,,4
03858628,"","","",,03322219,,0
03858629,"","","",,00585264,,0
03858629,"","","",,01256065,,1
03858629,"","","",,02918095,,2
03858629,"","","",,02947330,,3
03858630,"","","",,00877894,,0
03858630,"","","",,01647969,,1
03858630,"","","",,03211061,,2
03858630,"","","",,03233887,,3
03858630,"","","",,03495636,,4
03858630,"","","",,03543636,,5
03858631,"","","",,00208323,,0
03858631,"","","",,01295875,,1
03858631,"","","",,02169394,,2
03858631,"","","",,02897859,,3
03858631,"","","",,03120303,,4
03858632,"","","",,02686530,,0
03858632,"","","",,02985552,,1
03858633,"","","",,03586086,,0
03858633,"","","",,03645314,,1
03858633,"","","",,03675700,,2
03858634,"","","",,01292298,,0
03858634,"","","",,02820502,,1
03858634,"","","",,02918960,,2
03858635,"","","",,02226938,,0
03858635,"","","",,02387335,,1
03858635,"","","",,02563113,,2
03858635,"","","",,02746135,,3
03858635,"","","",,02792868,,4
03858635,"","","",,02895192,,5
03858635,"","","",,02939207,,6
03858635,"","","",,03072499,,7
03858635,"","","",,03355265,,8
03858635,"","","",,03642523,,9
03858636,"","","",,03140947,,0
03858636,"","","",,03388029,,1
03858637,"","","",,01416094,,0
03858637,"","","",,03038528,,1
03858637,"","","",,03522832,,2
03858638,"","","",,01860648,,0
03858638,"","","",,02120986,,1
03858638,"","","",,02724155,,2
03858638,"","","",,03289738,,3
03858639,"","","",,00365584,,0
03858639,"","","",,01476069,,1
03858639,"","","",,02317574,,2
03858639,"","","",,02783509,,3
03858639,"","","",,03589431,,4
03858639,"","","",,03695339,,5
03858640,"","","",,02625719,,0
03858640,"","","",,02825945,,1
03858640,"","","",,02966709,,2
03858640,"","","",,03342250,,3
03858641,"","","",,01645730,,0
03858641,"","","",,02471683,,1
03858641,"","","",,02782476,,2
03858641,"","","",,03204301,,3
03858641,"","","",,03318370,,4
03858641,"","","",,03381742,,5
03858641,"","","",,03538981,,6
03858641,"","","",,03598169,,7
03858642,"","","",,00993904,,0
03858642,"","","",,01082287,,1
03858643,"","","",,03131967,,0
03858643,"","","",,03295886,,1
03858643,"","","",,03444922,,2
03858643,"","","",,03745305,,3
03858644,"","","",,00608377,,0
03858644,"","","",,01190777,,1
03858644,"","","",,01519812,,2
03858644,"","","",,01671373,,3
03858644,"","","",,01691598,,4
03858644,"","","",,01966787,,5
03858644,"","","",,02142307,,6
03858644,"","","",,02225398,,7
03858644,"","","",,02252256,,8
03858644,"","","",,02415621,,9
03858644,"","","",,02544490,,10
03858644,"","","",,02664961,,11
03858644,"","","",,02668523,,12
03858644,"","","",,03144859,,13
03858644,"","","",,03508517,,14
03858644,"","","",,03675424,,15
03858645,"","","",,02501960,,0
03858645,"","","",,03254942,,1
03858645,"","","",,03315737,,2
03858645,"","","",,03737626,,3
03858646,"","","",,01046842,,0
03858646,"","","",,01852490,,1
03858646,"","","",,02990162,,2
03858646,"","","",,03335790,,3
03858646,"","","",,03526274,,4
03858647,"","","",,02171790,,0
03858647,"","","",,02516586,,1
03858647,"","","",,02653362,,2
03858647,"","","",,02734259,,3
03858647,"","","",,02867417,,4
03858647,"","","",,03138658,,5
03858648,"","","",,03167127,,0
03858648,"","","",,03191682,,1
03858648,"","","",,03211226,,2
03858648,"","","",,03288218,,3
03858648,"","","",,03381752,,4
03858648,"","","",,03548936,,5
03858648,"","","",,03714984,,6
03858648,"","","",,03731740,,7
03858648,"","","",,03779314,,8
03858648,"","","",,03804164,,9
03858649,"","","",,03456726,,0
03858649,"","","",,03643505,,1
03858649,"","","",,03646995,,2
03858649,"","","",,03664415,,3
03858649,"","","",,03741305,,4
03858649,"","","",,03823773,,5
03858649,"","","",,03824850,,6
03858650,"","","",,03078923,,0
03858650,"","","",,03696868,,1
03858650,"","","",,03763932,,2
03858651,"","","",,01293777,,0
03858651,"","","",,01400951,,1
03858651,"","","",,01898074,,2
03858651,"","","",,02694791,,3
03858651,"","","",,02945540,,4
03858651,"","","",,03092182,,5
03858651,"","","",,03114422,,6
03858651,"","","",,03366188,,7
03858651,"","","",,03448373,,8
03858651,"","","",,03555689,,9
03858651,"","","",,03707195,,10
03858652,"","","",,03613786,,0
03858652,"","","",,03679000,,1
03858653,"","","",,02881840,,0
03858653,"","","",,03087550,,1
03858653,"","","",,03120271,,2
03858653,"","","",,03162246,,3
03858653,"","","",,03268008,,4
03858653,"","","",,03357494,,5
03858654,"","","",,02288857,,0
03858654,"","","",,02341500,,1
03858654,"","","",,02882973,,2
03858654,"","","",,03191676,,3
03858654,"","","",,03279538,,4
03858654,"","","",,03379247,,5
03858654,"","","",,03396792,,6
03858654,"","","",,03620303,,7
03858654,"","","",,03687197,,8
03858654,"","","",,03706341,,9
03858654,"","","",,03782472,,10
03858655,"","","",,03062283,,0
03858655,"","","",,03203480,,1
03858655,"","","",,03258072,,2
03858655,"","","",,03308885,,3
03858655,"","","",,03387655,,4
03858655,"","","",,03392782,,5
03858655,"","","",,03435899,,6
03858655,"","","",,03529666,,7
03858655,"","","",,03599715,,8
03858655,"","","",,03757861,,9
03858656,"","","",,03254714,,0
03858656,"","","",,03468377,,1
03858656,"","","",,03469630,,2
03858656,"","","",,03498379,,3
03858656,"","","",,03623553,,4
03858656,"","","",,03739848,,5
03858656,"","","",,03768560,,6
03858656,"","","",,03788399,,7
03858656,"","","",,03811504,,8
03858656,"","","",,03811505,,9
03858656,"","","",,03811507,,10
03858657,"","","",,03511313,,0
03858657,"","","",,03533470,,1
03858657,"","","",,03556221,,2
03858657,"","","",,03581823,,3
03858657,"","","",,03624018,,4
03858657,"","","",,03645896,,5
03858657,"","","",,03656551,,6
03858658,"","","",,03224506,,0
03858658,"","","",,03372752,,1
03858658,"","","",,03592266,,2
03858658,"","","",,03664422,,3
03858658,"","","",,03709300,,4
03858658,"","","",,03710865,,5
03858658,"","","",,03760881,,6
03858659,"","","",,02160043,,0
03858659,"","","",,02580419,,1
03858659,"","","",,02596414,,2
03858659,"","","",,03228474,,3
03858660,"","","",,01018881,,0
03858660,"","","",,01668157,,1
03858660,"","","",,02182772,,2
03858660,"","","",,02569175,,3
03858660,"","","",,02728183,,4
03858660,"","","",,02881579,,5
03858660,"","","",,03589117,,6
03858661,"","","",,02081536,,0
03858661,"","","",,03233349,,1
03858661,"","","",,03327413,,2
03858661,"","","",,03454109,,3
03858662,"","","",,02413467,,0
03858662,"","","",,03007266,,1
03858662,"","","",,03604517,,2
03858662,"","","",,03618671,,3
03858663,"","","",,03487448,,0
03858663,"","","",,03498637,,1
03858663,"","","",,03515221,,2
03858663,"","","",,03677567,,3
03858664,"","","",,00182915,,0
03858664,"","","",,00427346,,1
03858664,"","","",,00592858,,2
03858664,"","","",,00628632,,3
03858664,"","","",,01035529,,4
03858664,"","","",,02950771,,5
03858664,"","","",,02972386,,6
03858664,"","","",,03006443,,7
03858664,"","","",,03736989,,8
03858665,"","","",,03238647,,0
03858665,"","","",,03375000,,1
03858665,"","","",,03441092,,2
03858665,"","","",,03452828,,3
03858665,"","","",,03498488,,4
03858665,"","","",,03743266,,5
03858666,"","","",,01459402,,0
03858666,"","","",,01605712,,1
03858666,"","","",,01846817,,2
03858666,"","","",,02476486,,3
03858666,"","","",,02955573,,4
03858666,"","","",,03059618,,5
03858666,"","","",,03116666,,6
03858666,"","","",,03191693,,7
03858666,"","","",,03528345,,8
03858666,"","","",,03666024,,9
03858666,"","","",,03685593,,10
03858667,"","","",,02664273,,0
03858667,"","","",,02823900,,1
03858667,"","","",,03011567,,2
03858667,"","","",,03231029,,3
03858667,"","","",,03675729,,4
03858667,"","","",,03750767,,5
03858668,"","","",,01862991,,0
03858668,"","","",,01936031,,1
03858668,"","","",,02095805,,2
03858668,"","","",,02354428,,3
03858668,"","","",,03231058,,4
03858669,"","","",,01479132,,0
03858669,"","","",,01612889,,1
03858669,"","","",,01817067,,2
03858669,"","","",,02754086,,3
03858669,"","","",,03230740,,4
03858670,"","","",,02121202,,0
03858670,"","","",,02687875,,1
03858670,"","","",,03216513,,2
03858670,"","","",,03570613,,3
03858670,"","","",,03572452,,4
03858670,"","","",,03593812,,5
03858670,"","","",,03596724,,6
03858670,"","","",,03666029,,7
03858670,"","","",,03679009,,8
03858670,"","","",,03786879,,9
03858670,"","","",,03791465,,10
03858671,"","","",,01039909,,0
03858671,"","","",,03258077,,1
03858671,"","","",,03268260,,2
03858671,"","","",,03269470,,3
03858671,"","","",,03346060,,4
03858671,"","","",,03356418,,5
03858671,"","","",,03536150,,6
03858671,"","","",,03548959,,7
03858672,"","","",,03137359,,0
03858672,"","","",,03299976,,1
03858672,"","","",,03587760,,2
03858673,"","","",,01928412,,0
03858673,"","","",,02990026,,1
03858673,"","","",,03655005,,2
03858674,"","","",,01825934,,0
03858674,"","","",,02741731,,1
03858674,"","","",,02836271,,2
03858674,"","","",,03202234,,3
03858674,"","","",,03476201,,4
03858674,"","","",,03497026,,5
03858674,"","","",,03628621,,6
03858675,"","","",,03005562,,0
03858675,"","","",,03078656,,1
03858675,"","","",,03369360,,2
03858675,"","","",,03450224,,3
03858675,"","","",,03454176,,4
03858675,"","","",,03461669,,5
03858675,"","","",,03635365,,6
03858675,"","","",,03691863,,7
03858675,"","","",,03734224,,8
03858676,"","","",,02355608,,0
03858676,"","","",,02968327,,1
03858676,"","","",,03182747,,2
03858676,"","","",,03253947,,3
03858676,"","","",,03448823,,4
03858676,"","","",,03630310,,5
03858676,"","","",,03748799,,6
03858677,"","","",,02072372,,0
03858677,"","","",,02138510,,1
03858677,"","","",,02531139,,2
03858677,"","","",,02735504,,3
03858677,"","","",,02940300,,4
03858677,"","","",,02998860,,5
03858677,"","","",,03114431,,6
03858677,"","","",,03117650,,7
03858677,"","","",,03145800,,8
03858677,"","","",,03311189,,9
03858677,"","","",,03491850,,10
03858678,"","","",,02047443,,0
03858678,"","","",,02099887,,1
03858678,"","","",,02150811,,2
03858679,"","","",,02689016,,0
03858679,"","","",,02993091,,1
03858679,"","","",,03022377,,2
03858679,"","","",,03637938,,3
03858680,"","","",,02905260,,0
03858680,"","","",,03285364,,1
03858680,"","","",,03612783,,2
03858680,"","","",,03645356,,3
03858680,"","","",,03767004,,4
03858681,"","","",,02118276,,0
03858682,"","","",,02828165,,0
03858682,"","","",,02889176,,1
03858682,"","","",,02981366,,2
03858682,"","","",,03042144,,3
03858682,"","","",,03045777,,4
03858682,"","","",,03480111,,5
03858683,"","","",,03006434,,0
03858683,"","","",,03078955,,1
03858684,"","","",,01691976,,0
03858684,"","","",,02899009,,1
03858684,"","","",,03092207,,2
03858684,"","","",,03190393,,3
03858685,"","","",,02766929,,0
03858685,"","","",,03049285,,1
03858686,"","","",,00679201,,0
03858686,"","","",,02153878,,1
03858686,"","","",,02358666,,2
03858686,"","","",,02547002,,3
03858686,"","","",,03140107,,4
03858686,"","","",,03219367,,5
03858686,"","","",,03498313,,6
03858687,"","","",,02597706,,0
03858687,"","","",,02924876,,1
03858687,"","","",,03605251,,2
03858687,"","","",,03605947,,3
03858688,"","","",,02081248,,0
03858688,"","","",,02196511,,1
03858688,"","","",,02764869,,2
03858688,"","","",,02867111,,3
03858688,"","","",,02891383,,4
03858688,"","","",,02970667,,5
03858688,"","","",,03095945,,6
03858688,"","","",,03153911,,7
03858688,"","","",,03191717,,8
03858688,"","","",,03265357,,9
03858688,"","","",,03289868,,10
03858688,"","","",,03351147,,11
03858688,"","","",,03516512,,12
03858688,"","","",,03516513,,13
03858688,"","","",,03614993,,14
03858689,"","","",,03109517,,0
03858690,"","","",,01746415,,0
03858690,"","","",,02723005,,1
03858690,"","","",,03734241,,2
03858691,"","","",,01488718,,0
03858691,"","","",,01590104,,1
03858691,"","","",,02692663,,2
03858691,"","","",,03399749,,3
03858691,"","","",,03732954,,4
03858691,"","","",,03747713,,5
03858692,"","","",,02082277,,0
03858692,"","","",,02386477,,1
03858692,"","","",,02581941,,2
03858692,"","","",,02589291,,3
03858692,"","","",,02711802,,4
03858692,"","","",,02975598,,5
03858692,"","","",,03115952,,6
03858693,"","","",,00789782,,0
03858693,"","","",,02228453,,1
03858693,"","","",,02698689,,2
03858693,"","","",,03001650,,3
03858693,"","","",,03414093,,4
03858694,"","","",,01972418,,0
03858694,"","","",,02088430,,1
03858694,"","","",,03590172,,2
03858695,"","","",,00823522,,0
03858695,"","","",,02411455,,1
03858695,"","","",,02998809,,2
03858695,"","","",,03480120,,3
03858695,"","","",,03566711,,4
03858696,"","","",,03348644,,0
03858696,"","","",,03386523,,1
03858696,"","","",,03400790,,2
03858696,"","","",,03437184,,3
03858696,"","","",,03458018,,4
03858696,"","","",,03540556,,5
03858697,"","","",,02172089,,0
03858697,"","","",,02512438,,1
03858697,"","","",,02789674,,2
03858697,"","","",,03170552,,3
03858697,"","","",,03366097,,4
03858697,"","","",,03517650,,5
03858697,"","","",,03690428,,6
03858698,"","","",,02725964,,0
03858698,"","","",,03237739,,1
03858699,"","","",,02966969,,0
03858699,"","","",,03204732,,1
03858700,"","","",,02900052,,0
03858700,"","","",,02965207,,1
03858700,"","","",,03032144,,2
03858700,"","","",,03223207,,3
03858700,"","","",,03618714,,4
03858701,"","","",,00435626,,0
03858701,"","","",,00800450,,1
03858701,"","","",,02076299,,2
03858701,"","","",,02622365,,3
03858702,"","","",,02938618,,0
03858702,"","","",,03023876,,1
03858702,"","","",,03168182,,2
03858702,"","","",,03292530,,3
03858702,"","","",,03366214,,4
03858702,"","","",,03378127,,5
03858702,"","","",,03406625,,6
03858702,"","","",,03490572,,7
03858702,"","","",,03554347,,8
03858702,"","","",,03578129,,9
03858703,"","","",,03167166,,0
03858703,"","","",,03300017,,1
03858703,"","","",,03627096,,2
03858703,"","","",,03638197,,3
03858703,"","","",,03670861,,4
03858703,"","","",,03787884,,5
03858704,"","","",,01143212,,0
03858704,"","","",,01564913,,1
03858704,"","","",,01951517,,2
03858704,"","","",,02555732,,3
03858704,"","","",,02766826,,4
03858704,"","","",,02860758,,5
03858704,"","","",,02863549,,6
03858704,"","","",,02884852,,7
03858704,"","","",,02910164,,8
03858704,"","","",,03094261,,9
03858704,"","","",,03208575,,10
03858704,"","","",,03280957,,11
03858704,"","","",,03326348,,12
03858704,"","","",,03429414,,13
03858705,"","","",,00385391,,0
03858705,"","","",,01130020,,1
03858705,"","","",,01144742,,2
03858705,"","","",,01145447,,3
03858705,"","","",,01153832,,4
03858705,"","","",,01244946,,5
03858705,"","","",,01372323,,6
03858705,"","","",,01833391,,7
03858705,"","","",,01909141,,8
03858705,"","","",,01929828,,9
03858705,"","","",,02029646,,10
03858705,"","","",,02092852,,11
03858705,"","","",,02255104,,12
03858705,"","","",,02590200,,13
03858705,"","","",,02733656,,14
03858705,"","","",,02826140,,15
03858705,"","","",,03143200,,16
03858705,"","","",,03200740,,17
03858705,"","","",,03481446,,18
03858705,"","","",,03486006,,19
03858705,"","","",,03578136,,20
03858706,"","","",,01964748,,0
03858706,"","","",,03225886,,1
03858706,"","","",,03346087,,2
03858706,"","","",,03540565,,3
03858706,"","","",,03547245,,4
03858707,"","","",,02988234,,0
03858707,"","","",,03118393,,1
03858707,"","","",,03356040,,2
03858708,"","","",,02176485,,0
03858708,"","","",,02553719,,1
03858708,"","","",,03165953,,2
03858708,"","","",,03297130,,3
03858708,"","","",,03608972,,4
03858709,"","","",,03198348,,0
03858709,"","","",,03302803,,1
03858710,"","","",,03120891,,0
03858710,"","","",,03417853,,1
03858710,"","","",,03795301,,2
03858711,"","","",,01911961,,0
03858711,"","","",,03754635,,1
03858712,"","","",,03055481,,0
03858712,"","","",,03666080,,1
03858713,"","","",,00223904,,0
03858713,"","","",,00885959,,1
03858713,"","","",,03022588,,2
03858713,"","","",,03202267,,3
03858713,"","","",,03278000,,4
03858713,"","","",,03319773,,5
03858713,"","","",,03395741,,6
03858713,"","","",,03513964,,7
03858714,"","","",,01957224,,0
03858714,"","","",,03269517,,1
03858714,"","","",,03726392,,2
03858715,"","","",,01111752,,0
03858715,"","","",,02439305,,1
03858715,"","","",,02891268,,2
03858715,"","","",,03284828,,3
03858716,"","","",,01926465,,0
03858716,"","","",,02838025,,1
03858716,"","","",,03262545,,2
03858716,"","","",,03777875,,3
03858717,"","","",,01823055,,0
03858717,"","","",,02162089,,1
03858717,"","","",,02168240,,2
03858717,"","","",,02502561,,3
03858717,"","","",,02937742,,4
03858717,"","","",,03519123,,5
03858718,"","","",,01355072,,0
03858718,"","","",,01618561,,1
03858718,"","","",,01980776,,2
03858718,"","","",,02219212,,3
03858718,"","","",,02281902,,4
03858718,"","","",,02380052,,5
03858718,"","","",,02813622,,6
03858718,"","","",,03338542,,7
03858718,"","","",,03370702,,8
03858719,"","","",,01232955,,0
03858719,"","","",,01826596,,1
03858719,"","","",,02016181,,2
03858719,"","","",,02242737,,3
03858719,"","","",,02519706,,4
03858720,"","","",,01853219,,0
03858720,"","","",,02319018,,1
03858720,"","","",,02776083,,2
03858720,"","","",,02955000,,3
03858720,"","","",,03009621,,4
03858720,"","","",,03108733,,5
03858720,"","","",,03682297,,6
03858720,"","","",,03708061,,7
03858721,"","","",,02280442,,0
03858721,"","","",,03069751,,1
03858721,"","","",,03256975,,2
03858721,"","","",,03335852,,3
03858721,"","","",,03608711,,4
03858721,"","","",,03650430,,5
03858721,"","","",,03695414,,6
03858722,"","","",,01122456,,0
03858722,"","","",,01346792,,1
03858722,"","","",,02771214,,2
03858722,"","","",,03325050,,3
03858723,"","","",,02895702,,0
03858723,"","","",,03017152,,1
03858723,"","","",,03094258,,2
03858723,"","","",,03541977,,3
03858723,"","","",,03677436,,4
03858723,"","","",,03695187,,5
03858723,"","","",,03720176,,6
03858724,"","","",,03249926,,0
03858724,"","","",,03403330,,1
03858724,"","","",,03492662,,2
03858724,"","","",,03532970,,3
03858724,"","","",,03714556,,4
03858725,"","","",,00118433,,0
03858725,"","","",,00944312,,1
03858725,"","","",,01322313,,2
03858725,"","","",,01901583,,3
03858725,"","","",,02161855,,4
03858725,"","","",,02370455,,5
03858725,"","","",,02464743,,6
03858725,"","","",,02767854,,7
03858725,"","","",,03224594,,8
03858725,"","","",,03381636,,9
03858726,"","","",,01156644,,0
03858726,"","","",,02716485,,1
03858726,"","","",,02764286,,2
03858726,"","","",,03040881,,3
03858726,"","","",,03184058,,4
03858726,"","","",,03200958,,5
03858727,"","","",,00721424,,0
03858727,"","","",,01696551,,1
03858727,"","","",,03067536,,2
03858727,"","","",,03089269,,3
03858727,"","","",,03091423,,4
03858727,"","","",,03497079,,5
03858728,"","","",,03436113,,0
03858728,"","","",,03453017,,1
03858728,"","","",,03493258,,2
03858728,"","","",,03501193,,3
03858728,"","","",,03552794,,4
03858728,"","","",,03762754,,5
03858728,"","","",,03789998,,6
03858729,"","","",,01506811,,0
03858729,"","","",,03568857,,1
03858729,"","","",,03612296,,2
03858730,"","","",,02748879,,0
03858730,"","","",,03087630,,1
03858730,"","","",,03484004,,2
03858730,"","","",,03727774,,3
03858731,"","","",,02780376,,0
03858731,"","","",,02925186,,1
03858731,"","","",,03034668,,2
03858731,"","","",,03400844,,3
03858731,"","","",,03630392,,4
03858732,"","","",,02028410,,0
03858732,"","","",,02251197,,1
03858732,"","","",,02897949,,2
03858732,"","","",,03043476,,3
03858732,"","","",,03283955,,4
03858732,"","","",,03401808,,5
03858733,"","","",,01021757,,0
03858733,"","","",,02713408,,1
03858733,"","","",,02737997,,2
03858733,"","","",,03241581,,3
03858733,"","","",,03376202,,4
03858733,"","","",,03594847,,5
03858733,"","","",,03707998,,6
03858734,"","","",,02933211,,0
03858734,"","","",,03398976,,1
03858734,"","","",,03610447,,2
03858735,"","","",,02799417,,0
03858735,"","","",,03008596,,1
03858735,"","","",,03231303,,2
03858735,"","","",,03235108,,3
03858735,"","","",,03278218,,4
03858735,"","","",,03315542,,5
03858735,"","","",,03319813,,6
03858735,"","","",,03493135,,7
03858735,"","","",,03511263,,8
03858735,"","","",,03630389,,9
03858736,"","","",,00956756,,0
03858736,"","","",,03165217,,1
03858736,"","","",,03181707,,2
03858736,"","","",,03549025,,3
03858736,"","","",,03743115,,4
03858737,"","","",,02131291,,0
03858737,"","","",,02409397,,1
03858737,"","","",,03418572,,2
03858737,"","","",,03617865,,3
03858738,"","","",,02694500,,0
03858738,"","","",,02793776,,1
03858738,"","","",,02889064,,2
03858738,"","","",,03220588,,3
03858738,"","","",,03253726,,4
03858738,"","","",,03358864,,5
03858738,"","","",,03516564,,6
03858738,"","","",,03519157,,7
03858739,"","","",,00572327,,0
03858739,"","","",,03128900,,1
03858739,"","","",,03204835,,2
03858740,"","","",,03399796,,0
03858740,"","","",,03729110,,1
03858741,"","","",,03426931,,0
03858741,"","","",,03700133,,1
03858741,"","","",,03744655,,2
03858742,"","","",,02947432,,0
03858742,"","","",,03025988,,1
03858742,"","","",,03462035,,2
03858743,"","","",,02201205,,0
03858743,"","","",,02574239,,1
03858743,"","","",,02888159,,2
03858743,"","","",,03110411,,3
03858743,"","","",,03484012,,4
03858744,"","","",,01178734,,0
03858744,"","","",,01644892,,1
03858744,"","","",,03465807,,2
03858744,"","","",,03489452,,3
03858745,"","","",,03390806,,0
03858745,"","","",,03478722,,1
03858746,"","","",,00684995,,0
03858746,"","","",,00936725,,1
03858746,"","","",,01845470,,2
03858746,"","","",,02194828,,3
03858746,"","","",,02623670,,4
03858746,"","","",,03133660,,5
03858746,"","","",,03606034,,6
03858747,"","","",,02566870,,0
03858747,"","","",,02670871,,1
03858747,"","","",,02776778,,2
03858747,"","","",,03245565,,3
03858747,"","","",,03372832,,4
03858747,"","","",,03622034,,5
03858747,"","","",,03659738,,6
03858747,"","","",,03662914,,7
03858747,"","","",,03680732,,8
03858747,"","","",,03700135,,9
03858748,"","","",,03276616,,0
03858748,"","","",,03362570,,1
03858748,"","","",,03378172,,2
03858748,"","","",,03609263,,3
03858748,"","","",,03730382,,4
03858749,"","","",,00228598,,0
03858749,"","","",,00569990,,1
03858749,"","","",,00914528,,2
03858749,"","","",,01223105,,3
03858749,"","","",,01521398,,4
03858749,"","","",,01642440,,5
03858749,"","","",,02482166,,6
03858749,"","","",,02602584,,7
03858749,"","","",,02630941,,8
03858749,"","","",,02808276,,9
03858749,"","","",,02960714,,10
03858750,"","","",,01834837,,0
03858750,"","","",,01862778,,1
03858750,"","","",,01867994,,2
03858750,"","","",,02219498,,3
03858750,"","","",,03047186,,4
03858750,"","","",,03055536,,5
03858750,"","","",,03362566,,6
03858750,"","","",,03374805,,7
03858750,"","","",,03395695,,8
03858750,"","","",,03454182,,9
03858751,"","","",,03047235,,0
03858751,"","","",,03194262,,1
03858751,"","","",,03333836,,2
03858751,"","","",,03580273,,3
03858751,"","","",,03616960,,4
03858752,"","","",,02330306,,0
03858752,"","","",,02590803,,1
03858752,"","","",,02837063,,2
03858752,"","","",,02939603,,3
03858752,"","","",,03042248,,4
03858752,"","","",,03072285,,5
03858752,"","","",,03113690,,6
03858752,"","","",,03464579,,7
03858752,"","","",,03581814,,8
03858752,"","","",,03666340,,9
03858752,"","","",,03688941,,10
03858753,"","","",,03591037,,0
03858753,"","","",,03662916,,1
03858754,"","","",,03441171,,0
03858754,"","","",,03612341,,1
03858755,"","","",,01573312,,0
03858755,"","","",,02217097,,1
03858755,"","","",,03230844,,2
03858755,"","","",,03482030,,3
03858756,"","","",,03065875,,0
03858756,"","","",,03362565,,1
03858756,"","","",,03613938,,2
03858756,"","","",,03651981,,3
03858756,"","","",,03773207,,4
03858757,"","","",,01715276,,0
03858757,"","","",,01726813,,1
03858757,"","","",,03018001,,2
03858757,"","","",,03184104,,3
03858757,"","","",,03219244,,4
03858758,"","","",,03735897,,0
03858758,"","","",,03773219,,1
03858759,"","","",,00139973,,0
03858759,"","","",,02321082,,1
03858759,"","","",,02403384,,2
03858759,"","","",,02938239,,3
03858759,"","","",,03162325,,4
03858759,"","","",,03208106,,5
03858760,"","","",,03245588,,0
03858760,"","","",,03263868,,1
03858760,"","","",,03306497,,2
03858760,"","","",,03512682,,3
03858761,"","","",,01668309,,0
03858761,"","","",,02123156,,1
03858761,"","","",,02381649,,2
03858761,"","","",,02506911,,3
03858761,"","","",,02692798,,4
03858761,"","","",,02792255,,5
03858761,"","","",,03143295,,6
03858761,"","","",,03366280,,7
03858762,"","","",,03344959,,0
03858762,"","","",,03460719,,1
03858762,"","","",,03662958,,2
03858763,"","","",,00528419,,0
03858763,"","","",,00780832,,1
03858763,"","","",,01241437,,2
03858763,"","","",,02509984,,3
03858764,"","","",,02930513,,0
03858764,"","","",,02962196,,1
03858764,"","","",,03122284,,2
03858765,"","","",,03211338,,0
03858765,"","","",,03240313,,1
03858765,"","","",,03268118,,2
03858765,"","","",,03377000,,3
03858765,"","","",,03409119,,4
03858765,"","","",,03580428,,5
03858765,"","","",,03610482,,6
03858765,"","","",,03798923,,7
03858766,"","","",,02365695,,0
03858766,"","","",,02841313,,1
03858766,"","","",,03240513,,2
03858767,"","","",,01365145,,0
03858767,"","","",,02022342,,1
03858767,"","","",,02041185,,2
03858767,"","","",,02540842,,3
03858767,"","","",,02764199,,4
03858767,"","","",,02937794,,5
03858767,"","","",,03726436,,6
03858768,"","","",,03147895,,0
03858768,"","","",,03295731,,1
03858768,"","","",,03445044,,2
03858768,"","","",,03592369,,3
03858768,"","","",,03613968,,4
03858768,"","","",,03726448,,5
03858769,"","","",,03402865,,0
03858770,"","","",,02290722,,0
03858770,"","","",,02777621,,1
03858770,"","","",,02782969,,2
03858770,"","","",,03040941,,3
03858771,"","","",,02968441,,0
03858771,"","","",,03195783,,1
03858771,"","","",,03201081,,2
03858771,"","","",,03231150,,3
03858771,"","","",,03360168,,4
03858772,"","","",,00532632,,0
03858772,"","","",,02720341,,1
03858772,"","","",,03618925,,2
03858773,"","","",,01881488,,0
03858773,"","","",,01908584,,1
03858773,"","","",,02067196,,2
03858773,"","","",,02904225,,3
03858774,"","","",,02596860,,0
03858774,"","","",,02983414,,1
03858774,"","","",,03109569,,2
03858774,"","","",,03281030,,3
03858774,"","","",,03677451,,4
03858775,"","","",,02712945,,0
03858775,"","","",,03062563,,1
03858775,"","","",,03210103,,2
03858775,"","","",,03240406,,3
03858776,"","","",,02956717,,0
03858776,"","","",,03187739,,1
03858776,"","","",,03666596,,2
03858777,"","","",,03031118,,0
03858777,"","","",,03097844,,1
03858777,"","","",,03556509,,2
03858778,"","","",,03561659,,0
03858778,"","","",,03779443,,1
03858779,"","","",,03147653,,0
03858779,"","","",,03517844,,1
03858779,"","","",,03522871,,2
03858780,"","","",,03009156,,0
03858780,"","","",,03099837,,1
03858780,"","","",,03353737,,2
03858780,"","","",,03496840,,3
03858780,"","","",,03523489,,4
03858780,"","","",,03530772,,5
03858780,"","","",,03543987,,6
03858780,"","","",,03572572,,7
03858780,"","","",,03589586,,8
03858780,"","","",,03651740,,9
03858780,"","","",,03703981,,10
03858781,"","","",,03162097,,0
03858781,"","","",,03198412,,1
03858781,"","","",,03615049,,2
03858781,"","","",,03638532,,3
03858781,"","","",,03762620,,4
03858782,"","","",,03027560,,0
03858782,"","","",,03464614,,1
03858782,"","","",,03741455,,2
03858782,"","","",,03774293,,3
03858783,"","","",,02479190,,0
03858783,"","","",,03601302,,1
03858784,"","","",,03004581,,0
03858784,"","","",,03076585,,1
03858784,"","","",,03407949,,2
03858784,"","","",,03477627,,3
03858784,"","","",,03585346,,4
03858785,"","","",,01890077,,0
03858785,"","","",,02277725,,1
03858785,"","","",,02600254,,2
03858785,"","","",,03172194,,3
03858785,"","","",,03337944,,4
03858785,"","","",,03406271,,5
03858786,"","","",,02183785,,0
03858786,"","","",,02975931,,1
03858786,"","","",,03355062,,2
03858786,"","","",,03453949,,3
03858787,"","","",,02366602,,0
03858787,"","","",,02905371,,1
03858787,"","","",,02972765,,2
03858787,"","","",,02988260,,3
03858787,"","","",,03033437,,4
03858787,"","","",,03184050,,5
03858787,"","","",,03335935,,6
03858787,"","","",,03558139,,7
03858787,"","","",,03574884,,8
03858788,"","","",,01130811,,0
03858788,"","","",,01185560,,1
03858788,"","","",,03048320,,2
03858788,"","","",,03099382,,3
03858788,"","","",,03311283,,4
03858788,"","","",,03773247,,5
03858789,"","","",,02339304,,0
03858789,"","","",,02983087,,1
03858789,"","","",,03339825,,2
03858789,"","","",,03504475,,3
03858789,"","","",,03774837,,4
03858790,"","","",,01677770,,0
03858790,"","","",,02318278,,1
03858791,"","","",,01666957,,0
03858791,"","","",,02863599,,1
03858791,"","","",,02936945,,2
03858791,"","","",,03026019,,3
03858791,"","","",,03043493,,4
03858791,"","","",,03169692,,5
03858791,"","","",,03642195,,6
03858792,"","","",,02723078,,0
03858792,"","","",,03204987,,1
03858792,"","","",,03270949,,2
03858792,"","","",,03319872,,3
03858792,"","","",,03512780,,4
03858792,"","","",,03718277,,5
03858793,"","","",,01129178,,0
03858793,"","","",,02156253,,1
03858793,"","","",,03235174,,2
03858793,"","","",,03682373,,3
03858794,"","","",,01844917,,0
03858794,"","","",,01921181,,1
03858794,"","","",,03254805,,2
03858794,"","","",,03545468,,3
03858795,"","","",,03347454,,0
03858795,"","","",,03468474,,1
03858795,"","","",,03713775,,2
03858795,"","","",,03747843,,3
03858796,"","","",,03326458,,0
03858796,"","","",,03475128,,1
03858796,"","","",,03559880,,2
03858796,"","","",,03679128,,3
03858796,"","","",,03708110,,4
03858797,"","","",,01290509,,0
03858797,"","","",,01883307,,1
03858797,"","","",,02787190,,2
03858797,"","","",,03216317,,3
03858797,"","","",,03611292,,4
03858797,"","","",,03745314,,5
03858798,"","","",,00509722,,0
03858798,"","","",,02586058,,1
03858798,"","","",,03281072,,2
03858798,"","","",,03785553,,3
03858799,"","","",,03629857,,0
03858799,"","","",,03636519,,1
03858799,"","","",,03748652,,2
03858800,"","","",,01884442,,0
03858800,"","","",,02875978,,1
03858800,"","","",,02881616,,2
03858800,"","","",,03172602,,3
03858800,"","","",,03268109,,4
03858800,"","","",,03292856,,5
03858800,"","","",,03768731,,6
03858801,"","","",,02881616,,0
03858801,"","","",,03268109,,1
03858801,"","","",,03292856,,2
03858801,"","","",,03768731,,3
03858802,"","","",,02468293,,0
03858802,"","","",,02806358,,1
03858802,"","","",,02909902,,2
03858802,"","","",,03259317,,3
03858802,"","","",,03550371,,4
03858803,"","","",,00760101,,0
03858803,"","","",,00839059,,1
03858803,"","","",,01465550,,2
03858803,"","","",,01683411,,3
03858803,"","","",,01779414,,4
03858804,"","","",,00856835,,0
03858804,"","","",,01550924,,1
03858804,"","","",,02579373,,2
03858804,"","","",,03576293,,3
03858805,"","","",,03284005,,0
03858805,"","","",,03378201,,1
03858805,"","","",,03595477,,2
03858805,"","","",,03748278,,3
03858806,"","","",,03125294,,0
03858806,"","","",,03159348,,1
03858806,"","","",,03504861,,2
03858806,"","","",,03780943,,3
03858807,"","","",,01496326,,0
03858807,"","","",,01871418,,1
03858807,"","","",,02755954,,2
03858807,"","","",,02988284,,3
03858807,"","","",,03087679,,4
03858807,"","","",,03129888,,5
03858807,"","","",,03216882,,6
03858807,"","","",,03426473,,7
03858807,"","","",,03608062,,8
03858807,"","","",,03685734,,9
03858808,"","","",,00926218,,0
03858808,"","","",,01418245,,1
03858808,"","","",,02450790,,2
03858808,"","","",,02483545,,3
03858808,"","","",,02513523,,4
03858809,"","","",,03279801,,0
03858809,"","","",,03510066,,1
03858809,"","","",,03666184,,2
03858809,"","","",,03682394,,3
03858809,"","","",,03790090,,4
03858810,"","","",,01724689,,0
03858810,"","","",,03407429,,1
03858810,"","","",,03688943,,2
03858810,"","","",,03693829,,3
03858810,"","","",,03696965,,4
03858810,"","","",,03744671,,5
03858811,"","","",,00407291,,0
03858811,"","","",,00979734,,1
03858811,"","","",,03738577,,2
03858812,"","","",,02683626,,0
03858812,"","","",,02701412,,1
03858812,"","","",,03045932,,2
03858812,"","","",,03754710,,3
03858813,"","","",,03323650,,0
03858813,"","","",,03361369,,1
03858813,"","","",,03589623,,2
03858814,"","","",,02070959,,0
03858814,"","","",,03039505,,1
03858814,"","","",,03335888,,2
03858814,"","","",,03664645,,3
03858815,"","","",,00949388,,0
03858815,"","","",,02482180,,1
03858815,"","","",,03121450,,2
03858815,"","","",,03349824,,3
03858816,"","","",,01477162,,0
03858816,"","","",,02936962,,1
