patent,prim,patentclass,subclass
03930270,1,360,130.24
03930270,0,360,84
03930270,0,360,271.8
03930270,0,G9B,15.08
03930269,1,360,96.3
03930269,0,242,352.2
03930269,0,242,354.1
03930269,0,242,355.1
03930269,0,360,96.2
03930269,0,360,96.51
03930269,0,G9B,15.031
03930269,0,G9B,15.034
03930269,0,G9B,15.048
03930269,0,G9B,15.093
03930268,1,360,96.3
03930268,0,242,338
03930268,0,242,354.1
03930268,0,242,355.1
03930268,0,360,96.2
03930268,0,360,96.51
03930268,0,G9B,15.031
03930268,0,G9B,15.034
03930268,0,G9B,15.048
03930268,0,G9B,15.093
03930267,1,360,69
03930267,0,360,137
03930267,0,G9B,15.013
03930267,0,G9B,15.054
03930266,1,360,62
03930266,0,327,225
03930266,0,360,55
03930266,0,G9B,15.002
03930266,0,G9B,15.013
03930265,1,360,45
03930265,0,G9B,20.041
03930264,1,396,30
03930264,0,396,360
03930264,0,396,518
03930263,1,396,503
03930263,0,396,281
03930263,0,396,475
03930262,1,396,478
03930261,1,396,116
03930261,0,355,56
03930261,0,396,127
03930260,1,347,68
03930260,0,222,420
03930260,0,347,20
03930260,0,347,94
03930259,1,346,139R
03930259,0,33,1M
03930259,0,346,139B
03930258,1,347,7
03930258,0,137,408
03930258,0,177,118
03930258,0,347,74
03930258,0,347,89
03930257,1,347,154
03930257,0,347,112
03930256,1,341,118
03930256,0,327,306
03930256,0,327,321
03930256,0,340,825.37
03930256,0,341,126
03930255,1,341,133
03930255,0,257,222
03930255,0,257,224
03930255,0,257,E27.083
03930255,0,341,172
03930255,0,377,42
03930254,1,367,172
03930254,0,174,101.5
03930253,1,341,161
03930252,1,341,128
03930252,0,324,99D
03930251,1,345,467
03930251,0,178,15
03930251,0,178,30
03930251,0,315,365
03930251,0,396,549
03930251,0,396,550
03930250,1,345,471
03930250,0,327,144
03930249,1,340,571
03930249,0,250,215
03930249,0,340,600
03930248,1,340,680
03930248,0,100,99
03930248,0,340,501
03930248,0,340,683
03930248,0,700,146
03930248,0,700,177
03930248,0,702,71
03930247,1,340,628
03930247,0,340,634
03930246,1,340,511
03930246,0,340,505
03930246,0,340,516
03930246,0,340,521
03930246,0,340,531
03930246,0,340,533
03930246,0,340,539.1
03930246,0,340,539.16
03930246,0,340,566
03930246,0,340,691.5
03930246,0,340,691.8
03930245,1,340,870.02
03930245,0,340,870.19
03930245,0,340,870.27
03930244,1,365,3
03930244,0,365,8
03930244,0,365,11
03930244,0,365,29
03930244,0,365,36
03930244,0,365,37
03930243,1,365,25
03930243,0,365,32
03930243,0,365,33
03930243,0,365,36
03930242,1,365,30
03930242,0,365,29
03930242,0,365,33
03930242,0,365,39
03930242,0,365,42
03930241,1,365,34
03930241,0,365,32
03930240,1,365,117
03930240,0,365,215
03930239,1,365,240
03930238,1,713,600
03930237,1,715,234
03930237,0,382,113
03930237,0,382,229
03930237,0,382,305
03930236,1,712,245
03930236,0,712,E09.005
03930236,0,712,E09.006
03930236,0,712,E09.009
03930235,1,711,220
03930235,0,712,E09.019
03930235,0,712,E09.042
03930234,1,711,111
03930234,0,360,13
03930234,0,G9B,20.019
03930234,0,G9B,20.051
03930234,0,G9B,27.009
03930234,0,G9B,27.013
03930233,1,703,14
03930232,1,710,65
03930232,0,341,75
03930232,0,341,78
03930232,0,712,E09.021
03930231,1,382,207
03930231,0,382,205
03930230,1,382,134
03930230,0,377,10
03930230,0,377,11
03930230,0,382,170
03930230,0,382,199
03930229,1,382,188
03930229,0,382,226
03930229,0,382,314
03930228,1,382,178
03930227,1,340,473
03930227,0,40,479
03930227,0,116,43
03930226,1,340,430
03930225,1,340,466
03930225,0,340,670
03930224,1,340,448
03930224,0,73,146.5
03930224,0,200,61.25
03930224,0,340,522
03930224,0,340,626
03930224,0,340,671
03930223,1,340,442
03930223,0,73,146.5
03930222,1,340,452
03930222,0,200,82D
03930222,0,303,9.63
03930222,0,340,614
03930221,1,340,451
03930221,0,123,198D
03930221,0,137,557
03930221,0,340,611
03930220,1,367,82
03930220,0,175,50
03930220,0,367,2
03930220,0,455,20
03930219,1,367,177
03930219,0,52,508
03930219,0,52,574
03930219,0,52,DIG4
03930219,0,114,253
03930219,0,280,480
03930218,1,367,188
03930218,0,174,561
03930217,1,367,27
03930217,0,181,103
03930216,1,367,13
03930216,0,73,1.85
03930216,0,367,185
03930215,1,337,407
03930215,0,337,409
03930214,1,337,72
03930214,0,200,529
03930214,0,335,26
03930214,0,337,70
03930213,1,337,70
03930213,0,335,27
03930212,1,335,284
03930212,0,198,381
03930212,0,221,171
03930212,0,335,250
03930212,0,335,281
03930212,0,335,282
03930212,0,335,299
03930211,1,335,6
03930211,0,200,244
03930211,0,200,246
03930211,0,335,133
03930211,0,335,196
03930210,1,333,182
03930210,0,248,27.1
03930210,0,439,557
03930209,1,333,23
03930209,0,327,285
03930209,0,327,553
03930209,0,333,138
03930208,1,333,14
03930208,0,330,132
03930208,0,330,134
03930208,0,455,72
03930207,1,330,207P
03930207,0,361,98
03930206,1,330,287
03930206,0,330,61A
03930205,1,330,2
03930205,0,28,227
03930205,0,330,51
03930205,0,330,124R
03930205,0,330,129
03930204,1,327,77
03930204,0,313,500
03930204,0,327,18
03930204,0,327,509
03930203,1,327,163
03930203,0,327,141
03930203,0,327,237
03930203,0,327,243
03930203,0,375,371
03930202,1,327,334
03930202,0,327,583
03930201,1,307,106
03930201,0,307,651
03930201,0,310,168
03930201,0,324,207.22
03930201,0,324,207.25
03930201,0,327,141
03930201,0,340,672
03930201,0,340,870.31
03930201,0,341,6
03930200,1,455,145
03930199,1,324,76.62
03930199,0,324,76.48
03930199,0,324,76.82
03930199,0,702,78
03930198,1,324,430
03930198,0,320,132
03930198,0,340,636.15
03930198,0,340,653
03930197,1,322,28
03930197,0,320,DIG15
03930196,1,363,127
03930195,1,363,139
03930195,0,327,473
03930194,1,363,56.07
03930193,1,363,37
03930193,0,219,668
03930192,1,320,119
03930192,0,307,66
03930192,0,320,124
03930191,1,318,376
03930191,0,318,380
03930190,1,318,400.41
03930190,0,318,400.26
03930189,1,318,52
03930189,0,318,144
03930188,1,361,618
03930188,0,218,45
03930188,0,361,624
03930187,1,361,45
03930187,0,324,424
03930186,1,361,24
03930186,0,310,68C
03930186,0,318,471
03930186,0,361,103
03930186,0,374,176
03930185,1,315,368.26
03930185,0,315,368.27
03930185,0,315,370
03930185,0,315,371
03930185,0,348,E09.022
03930184,1,315,241P
03930184,0,315,157
03930184,0,315,245
03930184,0,396,190
03930183,1,315,71
03930183,0,315,75
03930183,0,315,126
03930183,0,315,311
03930183,0,338,219
03930183,0,361,56
03930182,1,315,3.5
03930182,0,315,5.35
03930182,0,315,5.38
03930182,0,315,39.3
03930181,1,313,421
03930181,0,250,396R
03930181,0,313,442
03930180,1,313,417
03930180,0,313,412
03930179,1,313,296
03930179,0,313,301
03930178,1,313,275
03930178,0,313,277
03930178,0,313,315
03930178,0,313,578
03930177,1,313,271
03930177,0,313,279
03930177,0,313,344
03930176,1,313,625
03930176,0,313,40
03930176,0,313,42
03930176,0,313,240
03930176,0,313,318.02
03930175,1,310,160
03930175,0,310,179
03930175,0,310,185
03930175,0,318,147
03930175,0,322,63
03930175,0,322,90
03930175,0,363,174
03930174,1,310,29
03930174,0,198,766
03930173,1,310,26
03930173,0,433,86
03930173,0,433,119
03930172,1,327,540
03930172,0,323,315
03930172,0,327,574
03930172,0,330,199
03930171,1,327,110
03930171,0,327,484
03930171,0,365,196
03930170,1,327,487
03930170,0,327,443
03930169,1,377,107
03930169,0,327,203
03930169,0,327,391
03930169,0,377,28
03930169,0,377,47
03930169,0,377,72
03930169,0,377,104
03930169,0,377,105
03930169,0,377,114
03930169,0,377,117
03930169,0,968,903
03930168,1,290,53
03930168,0,417,331
03930167,1,250,559.39
03930166,1,250,506.1
03930166,0,250,515.1
03930166,0,976,DIG348
03930165,1,378,187
03930164,1,378,170
03930164,0,378,189
03930163,1,250,398
03930163,0,250,427
03930162,1,250,385.1
03930162,0,250,388
03930161,1,250,370.08
03930161,0,250,338.4
03930161,0,257,446
03930161,0,257,459
03930161,0,257,460
03930161,0,257,461
03930161,0,257,466
03930161,0,257,E27.136
03930161,0,257,E31.058
03930160,1,250,361R
03930160,0,250,362
03930160,0,250,368
03930159,1,250,338.1
03930159,0,250,342
03930159,0,374,124
03930159,0,374,179
03930159,0,374,208
03930159,0,374,E01.02
03930159,0,374,E07.006
03930158,1,250,330
03930158,0,250,341.8
03930158,0,396,155
03930157,1,250,330
03930157,0,250,333
03930157,0,250,338.3
03930157,0,313,388
03930156,1,378,28
03930156,0,378,182
03930155,1,850,9
03930155,0,250,288
03930155,0,250,306
03930155,0,850,13
03930155,0,850,14
03930154,1,376,160
03930154,0,250,262
03930154,0,250,269.8
03930154,0,376,191
03930153,1,376,160
03930153,0,250,262
03930153,0,250,269.8
03930152,1,250,269.5
03930151,1,204,258
03930151,0,204,266
03930151,0,204,270
03930151,0,204,278
03930151,0,204,283
03930150,1,250,203.1
03930150,0,250,236
03930150,0,356,391
03930150,0,356,400
03930149,1,362,285
03930149,0,362,293
03930149,0,362,308
03930149,0,362,804
03930148,1,362,228
03930148,0,362,235
03930147,1,708,316
03930147,0,324,76.28
03930147,0,324,76.35
03930147,0,324,76.54
03930147,0,375,350
03930146,1,714,25
03930146,0,379,32.01
03930146,0,714,E11.002
03930146,0,714,E11.025
03930146,0,714,E11.026
03930145,1,702,14
03930145,0,367,79
03930144,1,708,273
03930144,0,377,44
03930144,0,377,45
03930144,0,377,50
03930144,0,702,86
03930143,1,73,179
03930143,0,318,717
03930143,0,340,870.34
03930143,0,701,301
03930143,0,702,86
03930142,1,377,39
03930142,0,377,52
03930142,0,377,55
03930142,0,968,802
03930142,0,968,846
03930141,1,382,104
03930141,0,152,450
03930141,0,152,523
03930141,0,382,273
03930141,0,382,283
03930141,0,382,321
03930140,1,392,501
03930140,0,174,77R
03930140,0,219,523
03930140,0,219,536
03930140,0,338,238
03930140,0,338,272
03930140,0,338,317
03930140,0,392,451
03930139,1,219,146.21
03930139,0,219,75
03930139,0,219,121.52
03930139,0,219,145.21
03930139,0,313,346R
03930138,1,219,126
03930138,0,219,73
03930138,0,219,73.1
03930137,1,219,124.31
03930137,0,228,32
03930137,0,228,45
03930136,1,219,99
03930136,0,219,137R
03930135,1,200,308
03930135,0,116,279
03930134,1,200,82B
03930134,0,91,416
03930134,0,137,625.64
03930134,0,200,83A
03930134,0,218,84
03930133,1,200,47
03930133,0,310,68B
03930133,0,318,475
03930132,1,200,38R
03930132,0,200,38B
03930132,0,335,73
03930131,1,200,35R
03930131,0,200,38R
03930131,0,200,39R
03930131,0,368,97
03930131,0,968,815
03930130,1,181,169
03930129,1,381,432
03930129,0,381,404
03930129,0,381,423
03930128,1,381,174
03930128,0,381,191
03930128,0,381,426
03930127,1,379,282
03930127,0,327,50
03930127,0,330,107
03930126,1,379,195
03930125,1,370,375
03930124,1,370,372
03930124,0,370,376
03930123,1,381,96
03930123,0,340,384.4
03930123,0,381,120
03930123,0,455,345
03930122,1,348,516
03930122,0,331,20
03930122,0,331,172
03930122,0,348,E05.019
03930121,1,375,303
03930121,0,341,68
03930121,0,341,71
03930121,0,375,306
03930120,1,348,206
03930120,0,348,173
03930120,0,348,E03.05
03930119,1,358,494
03930119,0,359,251
03930119,0,359,254
03930118,1,342,190
03930118,0,348,97
03930117,1,369,126
03930117,0,369,61
03930117,0,386,22
03930117,0,386,39
03930117,0,386,E05.023
03930117,0,G9B,9.023
03930116,1,174,66
03930116,0,220,241
03930116,0,439,456
03930115,1,174,559
03930115,0,29,827
03930115,0,174,16.3
03930115,0,174,521
03930115,0,174,536
03930115,0,257,692
03930115,0,257,696
03930115,0,257,730
03930115,0,257,E23.004
03930115,0,257,E23.177
03930115,0,361,760
03930115,0,438,123
03930115,0,438,125
03930115,0,439,70
03930114,1,174,529
03930114,0,29,827
03930114,0,174,16.3
03930114,0,174,532
03930114,0,174,541
03930114,0,174,548
03930114,0,257,675
03930114,0,257,712
03930114,0,257,E21.504
03930114,0,257,E23.047
03930114,0,257,E23.092
03930114,0,264,272.17
03930114,0,438,122
03930114,0,438,124
03930113,1,174,40R
03930113,0,174,9R
03930113,0,174,127
03930113,0,174,130
03930112,1,174,25C
03930112,0,174,17LF
03930112,0,252,570
03930111,1,174,6
03930111,0,439,108
03930111,0,439,207
03930110,1,428,425.1
03930110,0,8,181
03930110,0,8,192
03930110,0,156,62.2
03930110,0,156,307.3
03930110,0,156,331.7
03930110,0,264,123
03930110,0,428,425.3
03930110,0,428,537.1
03930109,1,428,422
03930109,0,427,101
03930109,0,427,305
03930109,0,427,306
03930109,0,427,367
03930109,0,427,371
03930109,0,427,383.1
03930109,0,427,443.1
03930109,0,428,463
03930108,1,503,218
03930108,0,427,151
03930108,0,428,323
03930108,0,549,392
03930107,1,428,407
03930107,0,427,242
03930107,0,427,350
03930107,0,427,393.5
03930107,0,428,905
03930106,1,428,399
03930106,0,428,15
03930106,0,428,85
03930106,0,428,97
03930105,1,428,398
03930105,0,210,500.1
03930105,0,210,500.23
03930105,0,210,500.28
03930105,0,210,500.41
03930105,0,210,505
03930105,0,264,41
03930105,0,264,182
03930104,1,428,379
03930104,0,174,110PM
03930104,0,174,110SR
03930104,0,252,601
03930104,0,428,460
03930104,0,428,461
03930104,0,525,138
03930104,0,525,145
03930104,0,525,480
03930104,0,525,502
03930103,1,428,361
03930103,0,264,1.28
03930103,0,264,1.6
03930103,0,264,210.8
03930103,0,264,291
03930103,0,385,143
03930103,0,385,145
03930103,0,428,373
03930103,0,428,378
03930103,0,428,910
03930103,0,428,918
03930102,1,428,354
03930102,0,156,331.7
03930102,0,428,355N
03930102,0,428,423.7
03930102,0,428,424.8
03930102,0,428,500
03930102,0,428,512
03930102,0,528,56
03930102,0,528,58
03930102,0,528,76
03930102,0,528,905
03930101,1,428,326
03930101,0,427,146
03930101,0,427,201
03930101,0,427,212
03930101,0,428,407
03930101,0,428,526
03930100,1,428,323
03930100,0,404,32
03930100,0,428,63
03930100,0,428,332
03930100,0,428,338
03930100,0,428,491
03930100,0,428,492
03930100,0,428,496
03930100,0,428,521
03930100,0,523,172
03930100,0,524,70
03930100,0,524,71
03930100,0,524,570
03930100,0,524,574
03930100,0,524,575
03930100,0,524,577
03930099,1,428,321.3
03930099,0,400,241.2
03930099,0,427,146
03930099,0,427,152
03930099,0,427,373
03930099,0,427,393.5
03930099,0,427,412.1
03930099,0,427,412.3
03930099,0,428,516
03930099,0,428,522
03930098,1,442,175
03930098,0,26,72
03930098,0,264,166
03930098,0,264,231
03930098,0,264,290.2
03930098,0,264,488
03930098,0,428,364
03930098,0,442,180
03930097,1,442,147
03930097,0,427,331
03930097,0,427,369
03930097,0,427,370
03930097,0,427,371
03930097,0,427,384
03930097,0,428,300.7
03930097,0,428,408
03930097,0,428,473.5
03930097,0,523,222
03930097,0,524,600
03930097,0,528,229
03930096,1,442,38
03930096,0,55,417
03930096,0,137,512.15
03930096,0,137,843
03930096,0,210,504
03930096,0,210,506
03930096,0,428,114
03930096,0,428,198
03930095,1,442,149
03930095,0,156,307.5
03930095,0,156,331.2
03930095,0,156,335
03930095,0,156,910
03930095,0,428,378
03930095,0,428,382
03930095,0,428,383
03930095,0,428,392
03930095,0,428,441
03930095,0,428,494
03930095,0,428,495
03930095,0,428,506
03930095,0,428,521
03930095,0,524,401
03930095,0,524,510
03930095,0,525,135
03930095,0,526,265
03930095,0,526,340
03930094,1,442,365
03930094,0,264,49
03930094,0,264,DIG8
03930094,0,264,DIG47
03930094,0,264,DIG81
03930094,0,428,327
03930094,0,429,42
03930094,0,442,414
03930093,1,428,208
03930093,0,428,434
03930093,0,428,901
03930093,0,501,15
03930093,0,501,19
03930092,1,428,204
03930092,0,101,468
03930092,0,156,240
03930092,0,428,203
03930092,0,428,207
03930092,0,428,212
03930092,0,428,343
03930092,0,428,354
03930092,0,428,914
03930091,1,428,198
03930091,0,139,420R
03930091,0,139,426R
03930091,0,156,148
03930091,0,156,181
03930091,0,428,210
03930091,0,442,187
03930091,0,442,208
03930090,1,428,196
03930090,0,2,76
03930090,0,2,221
03930090,0,2,237
03930090,0,428,447
03930089,1,428,212
03930089,0,156,62.2
03930089,0,264,123
03930089,0,428,323
03930089,0,428,326
03930089,0,428,407
03930089,0,428,524
03930089,0,524,15
03930088,1,428,143
03930088,0,428,15
03930088,0,428,323
03930088,0,442,16
03930088,0,442,27
03930088,0,442,38
03930087,1,442,107
03930087,0,8,185
03930087,0,428,524
03930087,0,428,526
03930086,1,428,131
03930086,0,8,115.56
03930086,0,28,105
03930086,0,206,.5
03930086,0,428,369
03930085,1,428,116
03930085,0,156,286
03930085,0,156,307.5
03930085,0,427,244
03930085,0,427,307
03930085,0,427,379
03930085,0,427,443.2
03930085,0,428,312.6
03930085,0,428,312.8
03930085,0,428,317.9
03930085,0,428,319.1
03930085,0,428,319.3
03930085,0,428,333
03930084,1,428,67
03930084,0,52,660
03930084,0,156,298
03930084,0,156,303.1
03930084,0,296,97.23
03930084,0,428,138
03930083,1,428,67
03930083,0,156,293
03930083,0,156,303.1
03930083,0,200,5A
03930083,0,200,5R
03930083,0,200,302.2
03930083,0,200,511
03930083,0,428,138
03930082,1,442,38
03930082,0,156,257
03930082,0,428,212
03930082,0,428,337
03930082,0,442,150
03930081,1,205,85
03930081,0,106,1.25
03930081,0,106,1.26
03930081,0,427,328
03930081,0,427,383.7
03930081,0,427,405
03930081,0,427,421.1
03930081,0,427,436
03930080,1,427,411
03930080,0,162,138
03930080,0,252,500
03930080,0,427,121
03930080,0,428,704
03930079,1,427,396
03930079,0,8,127.1
03930079,0,8,191
03930079,0,8,195
03930079,0,106,18.17
03930079,0,106,18.18
03930079,0,106,18.2
03930079,0,106,18.21
03930079,0,442,143
03930078,1,427,388.1
03930078,0,427,385.5
03930078,0,428,411.1
03930078,0,428,426
03930078,0,428,457
03930078,0,428,704
03930077,1,427,384
03930077,0,131,332
03930077,0,131,341
03930077,0,131,343
03930077,0,427,296
03930076,1,427,353
03930076,0,427,2.29
03930076,0,427,307
03930076,0,427,372.2
03930076,0,427,393.5
03930076,0,427,397.7
03930076,0,428,520
03930075,1,427,349
03930075,0,118,63
03930075,0,427,433
03930075,0,427,434.2
03930075,0,427,436
03930074,1,427,341
03930074,0,427,302
03930074,0,427,303
03930074,0,427,342
03930074,0,428,514
03930074,0,442,63
03930074,0,524,28
03930074,0,524,45
03930073,1,427,341
03930073,0,427,302
03930073,0,427,303
03930073,0,427,342
03930073,0,428,514
03930073,0,442,63
03930073,0,524,28
03930073,0,524,45
03930072,1,427,99.5
03930072,0,106,1.05
03930072,0,106,1.26
03930072,0,427,306
03930071,1,427,203
03930071,0,165,9
03930071,0,264,135
03930071,0,277,404
03930071,0,427,290
03930071,0,427,370
03930071,0,427,405
03930071,0,427,409
03930071,0,427,456
03930071,0,428,450
03930071,0,428,698
03930070,1,427,185
03930070,0,427,195
03930070,0,427,201
03930070,0,428,324
03930070,0,428,325
03930070,0,428,473.5
03930070,0,428,474.7
03930069,1,427,142
03930069,0,427,208.6
03930069,0,427,282
03930069,0,427,285
03930069,0,427,287
03930069,0,427,331
03930069,0,427,372.2
03930068,1,427,140
03930068,0,106,33
03930068,0,106,169.37
03930068,0,138,99
03930068,0,156,94
03930068,0,264,36.15
03930068,0,264,36.22
03930068,0,427,142
03930067,1,438,488
03930067,0,148,DIG25
03930067,0,148,DIG122
03930067,0,427,122
03930067,0,438,684
03930067,0,438,764
03930066,1,427,79
03930066,0,307,400
03930066,0,427,551
03930066,0,428,422
03930065,1,438,587
03930065,0,148,DIG143
03930065,0,257,249
03930065,0,257,E21.617
03930065,0,257,E23.015
03930065,0,257,E29.239
03930065,0,427,79
03930065,0,427,259
03930065,0,427,307
03930065,0,438,944
03930065,0,438,981
03930064,1,427,492
03930064,0,427,385.5
03930064,0,427,508
03930064,0,522,4
03930064,0,522,129
03930064,0,522,913
03930063,1,427,9
03930063,0,73,150R
03930063,0,106,31.15
03930063,0,106,36
03930063,0,106,287.34
03930063,0,106,287.35
03930063,0,252,301.16
03930063,0,252,408.1
03930063,0,252,965
03930063,0,427,8
03930063,0,427,10
03930063,0,427,157
03930063,0,427,158
03930063,0,427,553
03930063,0,427,557
03930062,1,427,475
03930062,0,427,376.5
03930062,0,427,485
03930062,0,501,20
03930062,0,501,77
03930061,1,427,483
03930061,0,239,3
03930061,0,264,309
03930061,0,264,439
03930061,0,264,460
03930061,0,264,483
03930061,0,427,196
03930061,0,427,426
03930061,0,427,477
03930060,1,427,594
03930060,0,148,242
03930060,0,427,399
03930060,0,427,431
03930060,0,427,435
03930060,0,428,472.1
03930059,1,427,2.29
03930059,0,132,321
03930059,0,132,325
03930059,0,427,256
03930058,1,426,656
03930058,0,530,372
03930058,0,530,377
03930058,0,530,378
03930057,1,426,577
03930057,0,426,804
03930056,1,426,646
03930056,0,426,583
03930056,0,426,589
03930056,0,426,641
03930056,0,426,650
03930055,1,426,644
03930055,0,426,550
03930055,0,426,551
03930055,0,426,558
03930055,0,426,580
03930055,0,426,614
03930055,0,426,615
03930055,0,426,618
03930055,0,426,629
03930055,0,426,634
03930055,0,426,643
03930055,0,426,646
03930055,0,426,655
03930055,0,426,656
03930055,0,426,657
03930055,0,426,804
03930054,1,426,614
03930054,0,426,471
03930054,0,426,613
03930053,1,426,590
03930052,1,426,576
03930052,0,426,565
03930052,0,426,571
03930052,0,426,572
03930052,0,426,590
03930051,1,426,573
03930051,0,426,618
03930050,1,426,564
03930050,0,426,576
03930050,0,426,804
03930049,1,426,549
03930049,0,426,412
03930049,0,426,439
03930049,0,426,500
03930048,1,426,548
03930047,1,426,546
03930047,0,252,404
03930047,0,426,601
03930047,0,568,744
03930046,1,426,533
03930045,1,426,533
03930045,0,426,802
03930044,1,426,533
03930044,0,426,802
03930043,1,426,515
03930043,0,425,9
03930043,0,426,512
03930043,0,426,516
03930043,0,426,517
03930043,0,426,660
03930042,1,426,475
03930042,0,426,330
03930042,0,426,474
03930042,0,426,493
03930042,0,426,592
03930041,1,426,396
03930041,0,53,478
03930041,0,53,479
03930041,0,156,309.6
03930041,0,156,311
03930041,0,156,312
03930041,0,156,324.4
03930041,0,426,410
03930040,1,426,312
03930040,0,426,320
03930040,0,426,418
03930039,1,426,271
03930039,0,426,41
03930039,0,426,491
03930039,0,426,583
03930039,0,530,414
03930039,0,530,833
03930038,1,426,269
03930038,0,426,252
03930038,0,426,270
03930038,0,426,308
03930038,0,504,315
03930038,0,504,318
03930038,0,504,326
03930037,1,426,268
03930037,0,426,252
03930037,0,426,270
03930037,0,426,308
03930037,0,426,429
03930037,0,426,540
03930036,1,426,140
03930036,0,426,105
03930036,0,426,277
03930035,1,426,140
03930035,0,426,105
03930035,0,426,277
03930034,1,426,104
03930034,0,426,250
03930034,0,426,270
03930034,0,426,464
03930034,0,426,639
03930034,0,426,803
03930033,1,426,103
03930033,0,426,104
03930033,0,426,249
03930033,0,426,802
03930032,1,426,97
03930032,0,106,198.1
03930032,0,426,310
03930032,0,426,443
03930032,0,426,562
03930032,0,427,220
03930032,0,428,403
03930031,1,426,89
03930031,0,426,92
03930031,0,426,94
03930031,0,426,99
03930031,0,426,293
03930031,0,426,295
03930031,0,426,303
03930031,0,426,307
03930031,0,426,534
03930031,0,426,805
03930030,1,426,63
03930030,0,426,281
03930029,1,426,44
03930029,0,426,48
03930029,0,426,438
03930028,1,426,41
03930028,0,71,9
03930028,0,210,611
03930028,0,210,612
03930028,0,210,631
03930028,0,426,43
03930028,0,435,207
03930028,0,435,268
03930028,0,435,822
03930028,0,435,880
03930027,1,426,28
03930027,0,426,463
03930026,1,426,3
03930026,0,426,650
03930025,1,514,731
03930025,0,208,2
03930025,0,422,37
03930025,0,514,737
03930024,1,514,738
03930024,0,987,224
03930023,1,514,720
03930023,0,424,DIG12
03930023,0,514,519
03930023,0,514,532
03930023,0,514,646
03930023,0,514,744
03930023,0,514,751
03930022,1,514,654
03930022,0,514,655
03930022,0,514,657
03930022,0,564,374
03930022,0,564,384
03930022,0,564,391
03930022,0,564,413
03930022,0,564,428
03930021,1,514,639
03930021,0,562,805
03930021,0,564,12
03930021,0,564,149
03930020,1,514,639
03930020,0,562,805
03930020,0,564,12
03930020,0,564,149
03930019,1,514,637
03930018,1,514,588
03930017,1,514,539
03930017,0,560,40
03930016,1,514,489
03930016,0,514,595
03930016,0,564,47
03930016,0,564,348
03930016,0,564,349
03930016,0,564,351
03930015,1,514,528
03930015,0,162,161
03930015,0,504,141
03930015,0,504,157
03930015,0,504,159
03930015,0,514,640
03930014,1,514,470
03930014,0,435,119
03930014,0,514,926
03930013,1,514,467
03930012,1,514,467
03930012,0,424,84
03930012,0,514,841
03930011,1,514,406
03930010,1,514,388
03930010,0,424,DIG8
03930009,1,514,393
03930009,0,514,939
03930009,0,514,960
03930008,1,544,364
03930008,0,514,821
03930008,0,514,822
03930008,0,514,906
03930008,0,544,60
03930008,0,544,137
03930008,0,544,148
03930008,0,544,158
03930008,0,544,159
03930008,0,544,165
03930008,0,544,167
03930008,0,544,171
03930008,0,544,174
03930008,0,544,175
03930008,0,544,369
03930008,0,546,118
03930007,1,514,335
03930007,0,504,250
03930007,0,514,332
03930007,0,546,261
03930007,0,546,262
03930007,0,546,263
03930007,0,546,264
03930007,0,546,265
03930006,1,514,270
03930006,0,514,217.06
03930006,0,514,218
03930006,0,514,235.8
03930006,0,514,252.14
03930005,1,514,263.37
03930005,0,514,263.4
03930005,0,544,264
03930005,0,544,265
03930005,0,544,276
03930005,0,544,277
03930005,0,544,317
03930005,0,544,323
03930005,0,544,326
03930004,1,514,255.03
03930004,0,386,E05.026
03930003,1,514,232.5
03930003,0,514,217.03
03930003,0,514,233.5
03930003,0,514,254.11
03930003,0,514,422
03930003,0,514,457
03930003,0,514,929
03930002,1,514,227.5
03930002,0,544,59
03930001,1,514,226.8
03930000,1,514,184
03930000,0,424,DIG13
03930000,0,514,969
03929999,1,514,641
03929999,0,514,866
03929998,1,514,80
03929998,0,544,337
03929997,1,424,750
03929996,1,514,26
03929995,1,514,4
03929995,0,514,561
03929994,1,514,8
03929993,1,514,10
03929993,0,424,123
03929993,0,424,124
03929992,1,424,122
03929992,0,435,128
03929992,0,435,898
03929991,1,424,78.36
03929991,0,424,78.17
03929991,0,514,889
03929991,0,525,417
03929991,0,528,423
03929990,1,424,78.35
03929990,0,514,642
03929990,0,514,788
03929990,0,514,943
03929989,1,514,152
03929988,1,424,54
03929988,0,424,49
03929987,1,424,52
03929987,0,424,49
03929986,1,424,46
03929986,0,424,47
03929986,0,424,68
03929986,0,424,DIG5
03929986,0,556,175
03929985,1,424,45
03929985,0,424,122
03929984,1,424,432
03929984,0,424,486
03929983,1,424,410
03929983,0,514,681
03929982,1,436,515
03929982,0,435,5
03929982,0,436,543
03929982,0,436,807
03929982,0,436,811
03929981,1,436,500
03929981,0,250,303
03929981,0,436,541
03929981,0,436,804
03929981,0,436,825
03929980,1,423,579
03929980,0,423,393
03929980,0,423,396
03929980,0,423,397
03929980,0,423,470
03929980,0,423,499.1
03929980,0,423,500
03929980,0,423,648.1
03929980,0,423,658.2
03929979,1,423,579
03929979,0,65,27
03929979,0,423,594.2
03929979,0,423,632
03929979,0,423,648.1
03929978,1,423,607
03929978,0,252,62.51C
03929978,0,423,595
03929978,0,G9B,5.259
03929977,1,423,520
03929977,0,423,356
03929976,1,423,511
03929976,0,359,285
03929975,1,423,496
03929975,0,423,136
03929975,0,423,137
03929975,0,423,463
03929975,0,423,472
03929974,1,423,478
03929974,0,423,475
03929974,0,423,481
03929974,0,423,487
03929974,0,423,499.4
03929974,0,423,504
03929973,1,423,417
03929973,0,562,847
03929972,1,423,325
03929972,0,423,520
03929972,0,423,522
03929971,1,423,308
03929971,0,264,82
03929971,0,264,332
03929971,0,501,1
03929970,1,423,299
03929970,0,333,150
03929970,0,359,285
03929970,0,423,508
03929969,1,423,263
03929969,0,423,417
03929968,1,423,243.02
03929968,0,423,246
03929967,1,423,243.02
03929967,0,423,541.1
03929966,1,423,239.1
03929965,1,423,213.5
03929965,0,423,239.1
03929965,0,502,327
03929964,1,423,183
03929964,0,423,166
03929964,0,423,243.07
03929964,0,423,428
03929964,0,423,438
03929964,0,423,532
03929964,0,423,555
03929964,0,423,642
03929964,0,568,795
03929963,1,423,86
03929963,0,423,74
03929963,0,423,150.1
03929963,0,423,DIG16
03929962,1,423,82
03929962,0,423,83
03929962,0,423,612
03929961,1,423,4
03929961,0,75,507
03929961,0,219,637
03929961,0,976,DIG273
03929960,1,264,292
03929960,0,102,466
03929960,0,264,296
03929960,0,264,322
03929960,0,264,DIG66
03929959,1,264,292
03929959,0,102,466
03929959,0,264,296
03929959,0,264,322
03929959,0,264,DIG66
03929958,1,264,249
03929958,0,264,296
03929958,0,264,322
03929957,1,264,150
03929957,0,264,149
03929957,0,264,159
03929957,0,264,163
03929957,0,264,166
03929957,0,264,171.2
03929957,0,264,171.26
03929957,0,425,114
03929956,1,264,137
03929956,0,156,242
03929956,0,264,294
03929956,0,264,325
03929955,1,264,117
03929954,1,264,513
03929954,0,264,516
03929954,0,264,537
03929953,1,264,550
03929952,1,264,521
03929952,0,264,238
03929952,0,264,327
03929952,0,264,535
03929951,1,264,566
03929951,0,264,177.12
03929951,0,264,177.19
03929951,0,264,209.7
03929951,0,264,209.8
03929951,0,428,116
03929950,1,264,49
03929950,0,264,41
03929950,0,264,210.4
03929950,0,264,210.8
03929950,0,264,289.6
03929950,0,521,61
03929950,0,521,89
03929950,0,521,143
03929950,0,521,145
03929949,1,264,46.4
03929949,0,264,8
03929949,0,264,41
03929949,0,264,45.8
03929949,0,264,321
03929949,0,264,331.19
03929949,0,428,315.5
03929949,0,428,904
03929949,0,442,286
03929949,0,521,63
03929949,0,521,127
03929949,0,521,172
03929948,1,264,45.5
03929948,0,264,46.4
03929948,0,264,46.7
03929948,0,264,46.9
03929948,0,264,DIG14
03929947,1,264,42
03929947,0,106,680
03929947,0,156,39
03929947,0,264,46.3
03929947,0,264,54
03929947,0,264,254
03929947,0,264,257
03929947,0,264,261
03929947,0,264,332
03929947,0,264,DIG5
03929947,0,428,312.2
03929947,0,428,688
03929947,0,428,702
03929946,1,264,41
03929946,0,8,130.1
03929946,0,264,182
03929946,0,264,341
03929946,0,264,343
03929945,1,264,41
03929945,0,210,500.23
03929945,0,210,500.3
03929945,0,264,217
03929945,0,264,269
03929944,1,264,34
03929944,0,249,DIG3
03929944,0,264,35
03929944,0,264,309
03929944,0,425,59
03929943,1,264,489
03929943,0,264,320
03929943,0,264,322
03929942,1,261,39.3
03929942,0,261,39.5
03929942,0,261,44.4
03929942,0,261,44.7
03929942,0,261,50.2
03929942,0,261,52
03929941,1,261,35
03929941,0,126,113
03929941,0,261,154
03929941,0,261,DIG15
03929940,1,558,162
03929940,0,524,127
03929940,0,524,560
03929940,0,524,577
03929940,0,524,583
03929940,0,524,590
03929940,0,524,604
03929940,0,524,607
03929940,0,987,228
03929939,1,525,240
03929939,0,264,331.17
03929939,0,524,587
03929939,0,525,192
03929938,1,525,149
03929938,0,156,327
03929938,0,156,332
03929938,0,156,334
03929938,0,524,487
03929938,0,524,488
03929938,0,524,508
03929938,0,528,205
03929937,1,525,190
03929937,0,47,9
03929937,0,47,74
03929936,1,525,316
03929936,0,525,86
03929935,1,525,286
03929935,0,522,120
03929935,0,522,123
03929935,0,522,149
03929935,0,525,287
03929935,0,525,291
03929935,0,525,292
03929935,0,525,296
03929935,0,525,301
03929935,0,525,303
03929935,0,525,309
03929934,1,524,520
03929934,0,524,544
03929934,0,524,545
03929934,0,524,546
03929934,0,525,276
03929933,1,525,223
03929933,0,525,226
03929932,1,525,88
03929932,0,525,245
03929932,0,525,268
03929932,0,525,323
03929931,1,525,63
03929931,0,525,68
03929931,0,525,392
03929931,0,525,905
03929930,1,525,392
03929930,0,525,149
03929930,0,525,391
03929930,0,525,905
03929929,1,528,75
03929929,0,525,450
03929928,1,525,125
03929928,0,525,129
03929928,0,525,130
03929927,1,526,121
03929927,0,430,281.1
03929927,0,522,46
03929927,0,522,166
03929927,0,522,170
03929927,0,522,173
03929927,0,525,531
03929927,0,528,121
03929926,1,585,701
03929926,0,585,706
03929926,0,585,723
03929925,1,585,735
03929925,0,585,723
03929925,0,585,802
03929924,1,585,703
03929924,0,203,75
03929924,0,585,712
03929924,0,585,719
03929924,0,585,802
03929923,1,585,268
03929922,1,585,20
03929922,0,435,128
03929922,0,435,898
03929922,0,585,23
03929922,0,585,361
03929922,0,585,369
03929921,1,585,20
03929921,0,585,23
03929921,0,585,255
03929921,0,585,361
03929920,1,570,150
03929920,0,422,225
03929920,0,423,439
03929920,0,423,489
03929919,1,570,219
03929919,0,568,448
03929919,0,568,466
03929919,0,568,486
03929919,0,568,490
03929919,0,568,495
03929919,0,568,849
03929918,1,570,150
03929917,1,568,940
03929916,1,568,940
03929915,1,568,862
03929915,0,549,369
03929915,0,549,375
03929914,1,568,857
03929914,0,526,173
03929914,0,526,175
03929914,0,528,271
03929914,0,528,365
03929913,1,568,771
03929913,0,502,152
03929913,0,568,730
03929912,1,568,736
03929912,0,568,68
03929912,0,568,781
03929912,0,568,785
03929912,0,568,790
03929911,1,568,801
03929910,1,568,751
03929909,1,568,801
03929909,0,556,115
03929909,0,568,706
03929909,0,568,749
03929909,0,568,774
03929908,1,568,730
03929908,0,528,102
03929908,0,528,185
03929908,0,528,202
03929908,0,549,559
03929908,0,558,350
03929908,0,558,420
03929908,0,560,85
03929908,0,560,255
03929908,0,568,642
03929908,0,568,643
03929907,1,568,726
03929907,0,546,153
03929907,0,546,159
03929907,0,546,171
03929907,0,546,179
03929907,0,546,180
03929907,0,546,303
03929907,0,546,311
03929907,0,546,312
03929907,0,546,345
03929907,0,548,440
03929907,0,548,441
03929907,0,548,444
03929907,0,548,469
03929907,0,548,530
03929907,0,548,541
03929907,0,548,557
03929907,0,549,81
03929907,0,549,471
03929907,0,562,78
03929907,0,562,83
03929907,0,568,709
03929907,0,568,733
03929907,0,568,735
03929907,0,568,747
03929907,0,568,765
03929907,0,568,775
03929907,0,568,779
03929906,1,568,812
03929906,0,544,170
03929905,1,568,686
03929905,0,504,330
03929904,1,568,648
03929904,0,568,652
03929904,0,568,654
03929903,1,568,586
03929903,0,556,135
03929903,0,558,53
03929903,0,558,58
03929903,0,558,193
03929903,0,560,20
03929903,0,560,108
03929903,0,560,136
03929903,0,560,138
03929903,0,562,435
03929903,0,987,212
03929903,0,987,228
03929902,1,568,643
03929902,0,544,170
03929902,0,544,395
03929902,0,546,240
03929902,0,548,574
03929902,0,549,417
03929902,0,549,423
03929902,0,558,51
03929902,0,564,285
03929902,0,564,355
03929902,0,568,807
03929902,0,568,812
03929902,0,568,813
03929901,1,568,33
03929901,0,528,99
03929901,0,528,102
03929901,0,528,190
03929901,0,568,36
03929901,0,568,48
03929901,0,568,333
03929901,0,568,631
03929901,0,568,633
03929901,0,568,637
03929901,0,568,643
03929901,0,568,645
03929900,1,568,453
03929900,0,422,211
03929900,0,568,909
03929899,1,568,476
03929899,0,502,202
03929899,0,502,300
03929899,0,562,546
03929899,0,562,547
03929899,0,568,477
03929899,0,568,479
03929899,0,585,379
03929898,1,568,453
03929897,1,568,494
03929897,0,568,488
03929896,1,568,407
03929896,0,568,323
03929896,0,568,364
03929895,1,568,377
03929895,0,424,69
03929895,0,510,105
03929895,0,510,106
03929895,0,512,17
03929895,0,512,24
03929895,0,568,345
03929895,0,568,374
03929895,0,568,445
03929895,0,568,446
03929894,1,568,353
03929894,0,512,15
03929894,0,549,525
03929894,0,549,546
03929893,1,568,341
03929893,0,568,375
03929893,0,568,821
03929892,1,426,582
03929892,0,426,36
03929892,0,426,519
03929892,0,426,585
03929891,1,564,417
03929890,1,426,580
03929890,0,426,656
03929890,0,426,657
03929890,0,530,360
03929890,0,530,378
03929890,0,530,407
03929890,0,530,824
03929889,1,564,395
03929889,0,546,159
03929889,0,546,171
03929889,0,546,289
03929889,0,546,311
03929889,0,558,418
03929889,0,564,402
03929889,0,564,408
03929888,1,564,446
03929888,0,562,477
03929887,1,564,372
03929887,0,514,822
03929887,0,544,263
03929887,0,544,357
03929887,0,548,362.5
03929887,0,548,375.1
03929887,0,548,519
03929887,0,549,13
03929887,0,549,74
03929887,0,549,414
03929887,0,549,435
03929887,0,549,472
03929887,0,549,492
03929887,0,560,138
03929887,0,560,142
03929887,0,562,590
03929887,0,568,42
03929887,0,568,306
03929887,0,568,323
03929887,0,568,325
03929887,0,568,328
03929887,0,568,329
03929887,0,568,330
03929886,1,564,286
03929886,0,250,396R
03929886,0,544,87
03929886,0,544,174
03929886,0,562,84
03929886,0,564,287
03929885,1,564,258
03929884,1,564,246
03929884,0,514,866
03929884,0,514,909
03929884,0,540,575
03929884,0,562,86
03929884,0,562,114
03929884,0,562,582
03929884,0,562,584
03929884,0,562,585
03929884,0,562,587
03929884,0,562,595
03929884,0,562,606
03929884,0,562,607
03929883,1,564,245
03929883,0,548,559
03929882,1,564,245
03929882,0,524,93
03929882,0,524,195
03929882,0,548,305.7
03929882,0,564,225
03929882,0,564,244
03929882,0,568,812
03929881,1,564,127
03929881,0,502,242
03929881,0,502,244
03929881,0,502,247
03929881,0,502,258
03929880,1,560,139
03929880,0,546,219
03929880,0,564,163
03929880,0,564,166
03929880,0,564,167
03929880,0,564,169
03929879,1,564,166
03929879,0,210,764
03929879,0,424,59
03929879,0,514,917
03929878,1,564,71
03929877,1,564,18
03929877,0,548,263.8
03929876,1,549,336
03929876,0,549,419
03929876,0,549,420
03929876,0,549,454
03929876,0,558,44
03929876,0,560,51
03929876,0,560,53
03929876,0,560,54
03929876,0,562,867
03929875,1,562,590
03929875,0,252,181
03929875,0,252,186.44
03929875,0,510,220
03929875,0,510,229
03929875,0,510,309
03929875,0,510,318
03929875,0,510,375
03929875,0,510,477
03929874,1,562,564
03929874,0,252,180
03929874,0,252,184
03929874,0,252,192
03929874,0,252,193
03929874,0,562,568
03929873,1,562,537
03929872,1,562,462
03929872,0,514,869
03929872,0,544,176
03929872,0,548,253
03929872,0,548,540
03929872,0,560,51
03929872,0,560,53
03929872,0,562,459
03929872,0,562,461
03929872,0,562,867
03929872,0,564,169
03929872,0,568,809
03929871,1,564,381
03929871,0,564,375
03929871,0,568,306
03929871,0,568,308
03929871,0,568,584
03929871,0,568,588
03929871,0,568,927
03929870,1,560,180
03929870,0,426,654
03929869,1,560,157
03929869,0,558,280
03929869,0,568,840
03929869,0,568,881
03929868,1,560,90
03929868,0,528,296
03929868,0,528,302
03929867,1,560,90
03929867,0,524,296
03929867,0,524,568
03929866,1,560,83
03929866,0,521,171
03929866,0,521,173
03929866,0,528,299
03929865,1,560,28
03929865,0,504,304
03929864,1,560,23
03929863,1,560,50
03929863,0,521,163
03929863,0,528,68
03929863,0,558,251
03929862,1,560,121
03929861,1,560,121
03929861,0,544,107
03929861,0,560,119
03929861,0,562,503
03929860,1,558,377
03929860,0,558,457
03929859,1,558,454
03929859,0,558,379
03929859,0,558,421
03929858,1,558,454
03929857,1,558,439
03929857,0,525,332.7
03929857,0,525,348
03929857,0,525,351
03929857,0,540,480
03929857,0,540,596
03929857,0,544,59
03929857,0,546,186
03929857,0,546,187
03929857,0,548,523
03929857,0,558,303
03929857,0,558,396
03929857,0,558,430
03929857,0,558,432
03929856,1,558,422
03929856,0,562,597
03929856,0,564,242
03929856,0,564,304
03929856,0,564,351
03929855,1,524,254
03929855,0,524,929
03929855,0,564,305
03929855,0,564,397
03929855,0,564,398
03929854,1,560,308
03929854,0,560,309
03929853,1,558,44
03929853,0,250,396R
03929853,0,544,166
03929853,0,544,171
03929853,0,544,176
03929853,0,548,540
03929853,0,549,281
03929853,0,549,311
03929853,0,549,416
03929853,0,549,422
03929853,0,549,423
03929853,0,549,431
03929853,0,558,46
03929853,0,558,57
03929853,0,558,426
03929853,0,558,428
03929853,0,560,7
03929853,0,560,84
03929853,0,560,115
03929853,0,560,126
03929853,0,560,162
03929853,0,560,180
03929853,0,560,194
03929853,0,560,256
03929853,0,564,171
03929853,0,564,172
03929853,0,564,188
03929853,0,568,820
03929852,1,558,250
03929852,0,558,251
03929852,0,558,252
03929852,0,558,257
03929852,0,562,842
03929852,0,562,849
03929852,0,562,853
03929852,0,562,867
03929852,0,562,887
03929852,0,568,61
03929852,0,568,62
03929852,0,568,65
03929852,0,568,66
03929852,0,568,67
03929851,1,556,454
03929851,0,556,432
03929851,0,556,435
03929851,0,556,462
03929851,0,556,476
03929850,1,556,431
03929850,0,525,105
03929850,0,525,106
03929850,0,525,383
03929850,0,526,128
03929850,0,526,142
03929850,0,526,143
03929850,0,526,279
03929850,0,528,32
03929849,1,556,9
03929849,0,502,62
03929849,0,548,107
03929849,0,556,173
03929849,0,556,400
03929849,0,987,110
03929848,1,358,1.16
03929848,0,556,13
03929848,0,556,57
03929847,1,554,164
03929847,0,554,165
03929847,0,554,227
03929847,0,560,112
03929847,0,560,185
03929846,1,554,164
03929846,0,554,165
03929846,0,554,227
03929846,0,560,112
03929846,0,560,185
03929846,0,560,186
03929845,1,554,68
03929845,0,564,215
03929844,1,552,628
03929844,0,264,DIG72
03929843,1,552,234
03929843,0,8,528
03929843,0,8,532
03929843,0,8,533
03929843,0,8,675
03929843,0,8,908
03929843,0,8,912
03929843,0,8,922
03929843,0,8,928
03929842,1,552,242
03929842,0,8,678
03929842,0,8,922
03929842,0,552,221
03929842,0,552,226
03929842,0,552,229
03929842,0,552,231
03929842,0,552,262
03929841,1,552,254
03929840,1,549,217
03929840,0,549,208
03929839,1,549,498
03929839,0,131,277
03929839,0,426,536
03929839,0,512,11
03929839,0,549,357
03929839,0,549,479
03929838,1,549,470
03929838,0,549,452
03929838,0,560,17
03929837,1,549,462
03929836,1,549,467
03929836,0,549,468
03929836,0,549,471
03929835,1,549,385
03929835,0,568,731
03929834,1,549,289
03929834,0,546,71
03929834,0,546,149
03929834,0,564,170
03929834,0,564,174
03929834,0,564,373
03929833,1,549,64
03929833,0,560,15
03929833,0,560,105
03929832,1,549,46
03929831,1,548,407
03929831,0,250,396R
03929831,0,503,222
03929831,0,544,150
03929831,0,544,172
03929831,0,544,173
03929831,0,544,174
03929831,0,546,15
03929831,0,546,197
03929831,0,548,577
03929830,1,548,482
03929829,1,548,421
03929829,0,430,221
03929829,0,430,245
03929829,0,430,517
03929829,0,548,455
03929828,1,548,364.4
03929828,0,428,323
03929828,0,548,377.1
03929827,1,548,365.1
03929826,1,548,359.1
03929826,0,544,74
03929826,0,544,78
03929826,0,544,80
03929826,0,544,130
03929826,0,544,139
03929826,0,544,140
03929826,0,544,165
03929826,0,544,176
03929826,0,548,358.5
03929825,1,548,357.5
03929825,0,428,323
03929825,0,503,222
03929824,1,548,309.1
03929824,0,564,218
03929824,0,564,440
03929824,0,564,441
03929823,1,548,309.1
03929823,0,558,13
03929823,0,564,223
03929823,0,564,440
03929822,1,548,308.4
03929821,1,548,309.1
03929820,1,548,344.1
03929820,0,552,101
03929820,0,552,115
03929819,1,548,338.1
03929819,0,424,59
03929819,0,548,334.1
03929818,1,548,253
03929818,0,560,121
03929818,0,987,110
03929818,0,987,350
03929817,1,548,113
03929817,0,548,165
03929817,0,548,172
03929817,0,548,173
03929817,0,548,221
03929817,0,987,64
03929817,0,987,65
03929816,1,548,140
03929816,0,504,263
03929816,0,548,141
03929815,1,548,207
03929814,1,548,131
03929814,0,548,181
03929814,0,548,304.4
03929814,0,548,309.7
03929813,1,546,261
03929813,0,546,22
03929813,0,546,264
03929813,0,546,338
03929812,1,546,117
03929812,0,544,238
03929812,0,544,333
03929812,0,544,362
03929812,0,544,405
03929811,1,546,320
03929811,0,546,286
03929811,0,546,327
03929810,1,546,330
03929810,0,424,84
03929810,0,546,12
03929809,1,546,116
03929809,0,546,23
03929809,0,987,50
03929808,1,546,268.4
03929808,0,424,84
03929808,0,546,8
03929808,0,546,9
03929808,0,546,330
03929808,0,546,335
03929807,1,546,274.1
03929807,0,514,825
03929807,0,514,960
03929807,0,546,314
03929807,0,546,315
03929807,0,546,328
03929806,1,546,292
03929806,0,544,60
03929806,0,544,131
03929806,0,546,193
03929806,0,546,274.1
03929806,0,546,275.4
03929806,0,546,276.4
03929806,0,546,277.4
03929806,0,546,305
03929805,1,546,25
03929805,0,987,99
03929804,1,546,190
03929804,0,524,103
03929804,0,544,130
03929804,0,546,16
03929804,0,546,237
03929804,0,546,238
03929804,0,546,248
03929803,1,546,206
03929803,0,514,824
03929803,0,540,604
03929803,0,544,85
03929803,0,544,109
03929803,0,544,110
03929803,0,544,158
03929802,1,546,187
03929802,0,544,79
03929802,0,544,87
03929802,0,544,357
03929802,0,548,518
03929802,0,548,519
03929802,0,548,523
03929802,0,549,460
03929801,1,546,199
03929801,0,546,187
03929801,0,546,193
03929801,0,546,273.7
03929800,1,526,90
03929800,0,526,135
03929800,0,526,227
03929800,0,526,290
03929800,0,540,485
03929800,0,540,525
03929800,0,540,531
03929800,0,548,445
03929800,0,548,543
03929800,0,558,358
03929800,0,560,190
03929800,0,560,203
03929800,0,560,205
03929800,0,560,220
03929800,0,560,222
03929800,0,560,224
03929800,0,560,225
03929800,0,560,241
03929800,0,560,261
03929800,0,562,590
03929800,0,562,595
03929800,0,564,282
03929800,0,564,291
03929800,0,564,305
03929800,0,568,613
03929800,0,568,672
03929800,0,570,138
03929800,0,585,2
03929800,0,585,3
03929800,0,585,4
03929800,0,585,10
03929799,1,546,352
03929799,0,546,102
03929799,0,546,108
03929799,0,546,139
03929799,0,546,181
03929798,1,546,159
03929798,0,546,144
03929798,0,546,160
03929798,0,546,167
03929798,0,546,183
03929798,0,546,256
03929798,0,546,276.4
03929798,0,546,278.4
03929798,0,546,281.4
03929798,0,546,283.4
03929798,0,546,284.4
03929798,0,546,310
03929797,1,546,167
03929797,0,430,245
03929797,0,430,517
03929797,0,548,456
03929796,1,546,68
03929796,0,546,67
03929796,0,546,69
03929795,1,546,90
03929795,0,546,134
03929795,0,546,136
03929795,0,546,146
03929795,0,546,172
03929795,0,546,174
03929795,0,546,176
03929795,0,546,177
03929795,0,546,226
03929795,0,546,245
03929795,0,546,248
03929794,1,546,7
03929794,0,106,496
03929794,0,546,155
03929794,0,548,105
03929793,1,544,373
03929792,1,544,394
03929792,0,514,910
03929792,0,540,544
03929792,0,540,553
03929792,0,540,575
03929792,0,540,598
03929792,0,544,357
03929792,0,544,365
03929792,0,544,393
03929791,1,544,369
03929791,0,544,88
03929791,0,544,96
03929791,0,544,286
03929791,0,544,295
03929791,0,544,315
03929791,0,544,360
03929791,0,544,363
03929791,0,544,364
03929791,0,544,368
03929791,0,544,370
03929791,0,544,372
03929791,0,544,373
03929791,0,544,374
03929791,0,544,375
03929791,0,544,376
03929790,1,544,347
03929789,1,544,320
03929789,0,544,243
03929789,0,987,358
03929788,1,544,311
03929787,1,544,282
03929787,0,560,38
03929787,0,560,39
03929787,0,560,51
03929787,0,560,53
03929786,1,544,253
03929786,0,430,243
03929786,0,430,486
03929786,0,544,249
03929786,0,544,281
03929786,0,544,282
03929785,1,544,184
03929785,0,8,527
03929785,0,8,692
03929785,0,8,917
03929785,0,8,922
03929785,0,8,924
03929785,0,8,927
03929785,0,534,766
03929785,0,544,60
03929785,0,544,81
03929785,0,544,82
03929785,0,544,112
03929785,0,544,121
03929785,0,544,124
03929785,0,544,129
03929785,0,544,130
03929785,0,544,131
03929784,1,546,176
03929784,0,544,128
03929783,1,544,34
03929783,0,544,101
03929783,0,544,105
03929782,1,540,227
03929782,0,540,225
03929782,0,540,226
03929782,0,540,228
03929782,0,540,328
03929781,1,540,228
03929781,0,540,225
03929781,0,540,227
03929781,0,540,328
03929780,1,540,222
03929780,0,540,215
03929780,0,540,217
03929780,0,540,226
03929780,0,540,227
03929780,0,540,229
03929779,1,540,227
03929778,1,540,228
03929778,0,540,230
03929778,0,549,76
03929778,0,549,496
03929778,0,558,233
03929777,1,540,228
03929776,1,540,201
03929776,0,540,226
03929776,0,540,229
03929776,0,546,341
03929776,0,549,79
03929776,0,549,501
03929776,0,558,243
03929775,1,540,215
03929775,0,540,222
03929775,0,540,228
03929775,0,540,229
03929775,0,540,230
03929774,1,540,227
03929773,1,544,225
03929773,0,546,2
03929773,0,546,10
03929773,0,546,12
03929773,0,987,15
03929772,1,544,345
03929772,0,546,174
03929772,0,548,110
03929772,0,548,121
03929772,0,548,147
03929772,0,548,150
03929772,0,548,180
03929772,0,548,183
03929772,0,548,243
03929771,1,544,209
03929771,0,544,212
03929771,0,544,237
03929771,0,544,238
03929771,0,544,284
03929771,0,544,331
03929771,0,544,355
03929771,0,546,100
03929770,1,540,51
03929770,0,204,157.67
03929770,0,552,541
03929770,0,552,544
03929770,0,552,653
03929769,1,540,8
03929769,0,540,17
03929769,0,540,64
03929769,0,540,80
03929768,1,540,63
03929768,0,540,5
03929768,0,540,67
03929768,0,540,70
03929767,1,540,317
03929766,1,540,553
03929766,0,540,561
03929766,0,544,335
03929766,0,548,354.1
03929765,1,548,953
03929765,0,544,238
03929765,0,544,319
03929765,0,546,162
03929765,0,546,268.1
03929765,0,548,306.1
03929765,0,548,314.7
03929765,0,548,465
03929764,1,536,27.62
03929763,1,536,27.62
03929762,1,536,16.6
03929762,0,536,16.8
03929761,1,536,13.7
03929760,1,534,648
03929760,0,430,223
03929760,0,430,955
03929760,0,534,573
03929760,0,534,592
03929760,0,534,649
03929760,0,534,651
03929760,0,534,682
03929760,0,534,728
03929760,0,534,734
03929760,0,534,860
03929760,0,534,876
03929760,0,534,883
03929760,0,534,DIG2
03929760,0,562,826
03929760,0,562,832
03929760,0,564,86
03929760,0,564,120
03929759,1,530,313
03929759,0,514,800
03929759,0,930,20
03929759,0,930,21
03929759,0,930,130
03929759,0,930,280
03929759,0,930,DIG695
03929758,1,530,307
03929758,0,530,311
03929758,0,530,315
03929758,0,530,334
03929758,0,530,336
03929758,0,930,60
03929758,0,930,150
03929758,0,930,160
03929758,0,930,260
03929758,0,930,DIG565
03929758,0,930,DIG660
03929758,0,930,DIG670
03929757,1,435,226
03929757,0,530,380
03929757,0,530,416
03929756,1,530,327
03929756,0,930,10
03929756,0,930,20
03929756,0,930,DIG802
03929756,0,930,DIG811
03929755,1,530,226
03929755,0,524,274
03929754,1,526,119
03929754,0,526,128
03929754,0,526,159
03929754,0,526,352
03929754,0,526,352.2
03929753,1,526,202
03929753,0,524,458
03929753,0,526,219.2
03929753,0,526,219.5
03929753,0,526,228
03929753,0,526,230.5
03929753,0,526,329.4
03929753,0,526,330
03929753,0,526,332
03929753,0,526,344
03929753,0,526,344.2
03929753,0,526,345
03929752,1,526,217
03929752,0,526,224
03929752,0,526,294
03929751,1,526,234
03929751,0,526,303.1
03929750,1,525,185
03929750,0,525,186
03929750,0,525,369
03929750,0,525,375
03929750,0,525,378
03929750,0,526,317.1
03929749,1,528,481
03929749,0,423,293
03929749,0,502,32
03929749,0,524,562
03929749,0,526,329
03929749,0,528,491
03929749,0,528,503
03929748,1,526,204
03929748,0,525,375
03929748,0,526,318.6
03929748,0,526,319
03929748,0,526,330
03929748,0,526,346
03929747,1,526,226
03929747,0,526,237
03929747,0,526,290
03929747,0,526,347
03929746,1,526,336
03929746,0,525,331.8
03929746,0,525,354
03929746,0,526,169
03929746,0,526,347
03929745,1,526,161
03929745,0,502,103
03929745,0,502,121
03929745,0,526,282
03929745,0,526,336
03929745,0,526,339
03929745,0,526,348
03929744,1,525,329.4
03929744,0,525,360
03929744,0,525,383
03929744,0,528,44
03929744,0,528,75
03929743,1,525,329.9
03929743,0,524,555
03929743,0,524,914
03929743,0,525,328.2
03929743,0,525,328.8
03929743,0,526,304
03929742,1,528,391
03929741,1,523,106
03929741,0,210,500.1
03929741,0,260,998.11
03929741,0,521,38
03929741,0,524,547
03929741,0,524,916
03929741,0,525,291
03929741,0,526,288
03929740,1,525,328.5
03929740,0,8,115.6
03929740,0,525,366
03929740,0,528,486
03929739,1,524,808
03929739,0,524,548
03929739,0,524,552
03929739,0,524,555
03929739,0,524,813
03929739,0,524,922
03929739,0,525,353
03929739,0,525,359.5
03929739,0,525,359.6
03929739,0,526,295
03929739,0,526,307.6
03929739,0,526,310
03929739,0,526,923
03929738,1,526,272
03929737,1,525,285
03929737,0,525,265
03929736,1,525,285
03929736,0,525,263
03929736,0,525,290
03929736,0,525,297
03929736,0,525,298
03929736,0,525,301
03929735,1,526,264
03929735,0,210,735
03929735,0,424,70.15
03929735,0,424,70.17
03929735,0,526,270
03929734,1,528,347
03929734,0,524,352
03929734,0,528,336
03929734,0,528,349
03929734,0,560,192
03929733,1,528,67
03929733,0,528,51
03929732,1,528,80
03929732,0,525,85
03929732,0,528,83
03929732,0,528,85
03929731,1,528,392
03929731,0,525,518
03929731,0,525,519
03929731,0,528,230
03929731,0,528,367
03929730,1,528,83
03929730,0,521,159
03929730,0,521,163
03929730,0,528,355
03929729,1,267,138
03929729,0,213,7
03929729,0,264,236
03929729,0,267,141
03929729,0,267,141.1
03929729,0,267,153
03929729,0,267,294
03929729,0,528,63
03929729,0,528,64
03929728,1,528,285
03929728,0,528,275
03929728,0,528,277
03929728,0,528,279
03929728,0,528,283
03929728,0,528,286
03929728,0,528,288
03929728,0,528,293
03929728,0,528,302
03929728,0,528,303
03929728,0,528,307
03929727,1,524,338
03929727,0,524,612
03929726,1,524,91
03929726,0,524,191
03929726,0,524,194
03929726,0,528,48
03929725,1,524,711
03929725,0,524,710
03929724,1,524,256
03929724,0,524,257
03929724,0,524,333
03929724,0,524,563
03929724,0,525,197
03929724,0,525,222
03929723,1,523,127
03929723,0,524,259
03929723,0,524,260
03929722,1,524,406
03929722,0,524,409
03929722,0,524,430
03929722,0,525,76
03929721,1,524,440
03929721,0,524,546
03929721,0,525,102
03929721,0,525,104
03929720,1,524,168
03929720,0,564,96
03929719,1,524,90
03929718,1,523,213
03929718,0,523,212
03929718,0,524,863
03929718,0,524,864
03929717,1,525,113
03929717,0,525,117
03929716,1,523,404
03929716,0,523,428
03929716,0,523,440
03929716,0,523,443
03929716,0,525,403
03929716,0,525,504
03929716,0,525,523
03929716,0,528,107
03929716,0,528,123
03929716,0,528,407
03929715,1,524,570
03929715,0,524,571
03929714,1,524,352
03929714,0,524,353
03929714,0,524,600
03929714,0,528,322
03929714,0,528,331
03929713,1,528,319
03929713,0,525,422
03929713,0,526,262
03929713,0,528,125
03929713,0,528,322
03929712,1,524,310
03929712,0,264,300
03929711,1,524,285
03929711,0,549,234
03929711,0,560,117
03929711,0,562,499
03929710,1,524,170
03929710,0,524,172
03929710,0,525,83
03929710,0,525,86
03929710,0,525,315
03929710,0,526,329.1
03929710,0,526,329.3
03929710,0,526,338
03929710,0,526,342
03929709,1,524,754
03929709,0,524,871
03929709,0,528,48
03929709,0,528,56
03929709,0,528,58
03929708,1,524,267
03929708,0,264,211
03929708,0,264,300
03929708,0,524,14
03929708,0,524,433
03929708,0,524,445
03929708,0,524,456
03929708,0,524,547
03929707,1,523,210
03929707,0,523,340
03929707,0,524,522
03929707,0,524,571
03929707,0,524,574
03929707,0,524,575
03929707,0,564,475
03929707,0,564,505
03929706,1,524,814
03929706,0,524,813
03929706,0,524,817
03929706,0,524,823
03929706,0,524,825
03929705,1,523,122
03929705,0,106,18.31
03929705,0,106,18.32
03929705,0,514,394
03929705,0,514,395
03929705,0,524,93
03929704,1,524,268
03929704,0,427,208.4
03929704,0,428,447
03929704,0,525,477
03929703,1,524,272
03929703,0,281,21.1
03929703,0,524,274
03929703,0,530,224
03929702,1,524,274
03929702,0,524,171
03929702,0,524,291
03929702,0,524,333
03929702,0,524,346
03929702,0,524,583
03929701,1,524,145
03929701,0,524,568
03929701,0,524,576
03929701,0,525,54.44
03929700,1,524,114
03929700,0,524,151
03929700,0,524,311
03929700,0,524,313
03929700,0,524,399
03929700,0,524,400
03929699,1,523,100
03929699,0,106,13
03929699,0,252,70
03929699,0,426,415
03929699,0,516,73
03929699,0,516,DIG6
03929699,0,524,317
03929699,0,526,330
03929699,0,526,344.3
03929698,1,525,7.3
03929698,0,523,500
03929698,0,523,515
03929698,0,525,34
03929698,0,525,443
03929698,0,528,295.5
03929698,0,528,304
03929697,1,524,47
03929697,0,106,214.2
03929697,0,427,380
03929697,0,427,389.9
03929697,0,427,392
03929697,0,524,555
03929696,1,524,35
03929696,0,264,123
03929696,0,428,528
03929695,1,527,403
03929695,0,156,335
03929695,0,525,480
03929695,0,525,501
03929695,0,528,129
03929695,0,528,147
03929694,1,523,164
03929694,0,524,27
03929694,0,524,522
03929694,0,524,538
03929693,1,524,40
03929693,0,525,309
03929692,1,524,44
03929692,0,106,698
03929691,1,524,726
03929691,0,264,184
03929691,0,264,205
03929691,0,528,74
03929690,1,521,60
03929690,0,521,85
03929690,0,521,87
03929690,0,521,88
03929690,0,521,89
03929690,0,521,97
03929690,0,521,146
03929690,0,521,147
03929690,0,521,148
03929690,0,521,916
03929689,1,521,92
03929689,0,521,79
03929689,0,521,95
03929689,0,521,97
03929689,0,521,98
03929689,0,521,134
03929689,0,521,143
03929689,0,524,178
03929689,0,524,291
03929689,0,524,467
03929689,0,524,579
03929689,0,524,583
03929689,0,524,585
03929689,0,525,190
03929688,1,521,170
03929688,0,521,85
03929688,0,521,108
03929688,0,521,122
03929688,0,521,138
03929688,0,521,149
03929688,0,521,182
03929688,0,521,910
03929688,0,523,506
03929688,0,524,130
03929688,0,524,560
03929688,0,524,712
03929688,0,524,839
03929688,0,987,159
03929687,1,521,114
03929687,0,521,106
03929687,0,521,115
03929687,0,521,120
03929687,0,521,128
03929687,0,521,178
03929687,0,521,181
03929687,0,521,182
03929687,0,521,189
03929687,0,525,422
03929687,0,525,423
03929687,0,525,425
03929687,0,525,429
03929687,0,525,929
03929687,0,528,99
03929687,0,528,113
03929687,0,528,114
03929686,1,521,89
03929686,0,264,DIG5
03929686,0,264,DIG13
03929686,0,521,60
03929686,0,521,91
03929686,0,521,92
03929686,0,521,93
03929686,0,521,94
03929686,0,521,95
03929686,0,521,97
03929686,0,521,98
03929686,0,521,146
03929686,0,521,908
03929685,1,521,62
03929685,0,264,41
03929685,0,264,225
03929685,0,521,88
03929685,0,521,134
03929685,0,521,138
03929685,0,521,139
03929685,0,523,523
03929685,0,524,458
03929685,0,524,460
03929685,0,525,168
03929685,0,525,170
03929685,0,525,260
03929685,0,525,265
03929685,0,525,309
03929684,1,528,271
03929684,0,548,250
03929684,0,548,251
03929683,1,502,334
03929683,0,208,138
03929683,0,208,139
03929682,1,502,332
03929682,0,423,407
03929681,1,502,10
03929681,0,423,213.5
03929681,0,502,314
03929681,0,502,318
03929681,0,502,324
03929680,1,510,111
03929680,0,252,363.5
03929680,0,510,119
03929680,0,510,127
03929680,0,510,235
03929680,0,510,237
03929680,0,510,340
03929680,0,510,342
03929680,0,510,421
03929680,0,510,427
03929680,0,510,432
03929679,1,510,349
03929679,0,510,351
03929679,0,510,356
03929679,0,510,357
03929679,0,510,361
03929679,0,510,442
03929679,0,510,443
03929678,1,510,349
03929678,0,510,340
03929678,0,510,341
03929678,0,510,350
03929678,0,510,351
03929678,0,510,352
03929678,0,510,355
03929678,0,510,441
03929678,0,510,494
03929678,0,987,110
03929677,1,512,17
03929677,0,568,349
03929677,0,568,374
03929677,0,568,377
03929677,0,568,383
03929677,0,585,947
03929676,1,512,6
03929676,0,512,15
03929676,0,512,17
03929676,0,512,19
03929676,0,560,118
03929676,0,568,342
03929676,0,568,349
03929676,0,568,374
03929676,0,568,377
03929676,0,568,378
03929676,0,568,819
03929676,0,585,360
03929675,1,512,13
03929675,0,512,8
03929674,1,252,514
03929674,0,75,247
03929674,0,75,254
03929674,0,106,1.13
03929674,0,106,1.15
03929674,0,428,427
03929674,0,428,434
03929674,0,428,546
03929673,1,502,301
03929673,0,564,127
03929672,1,502,66
03929672,0,423,713
03929672,0,423,717
03929672,0,423,DIG21
03929672,0,502,60
03929672,0,502,64
03929672,0,502,68
03929672,0,502,74
03929671,1,502,241
03929671,0,501,54
03929671,0,502,242
03929671,0,502,244
03929671,0,502,251
03929671,0,502,252
03929671,0,502,256
03929671,0,502,258
03929670,1,502,244
03929670,0,423,213.2
03929670,0,502,241
03929670,0,502,303
03929669,1,423,716
03929669,0,208,310R
03929669,0,208,310Z
03929669,0,423,DIG21
03929669,0,502,79
03929668,1,502,65
03929668,0,208,120.01
03929668,0,208,120.05
03929668,0,208,120.15
03929668,0,208,120.25
03929668,0,502,64
03929668,0,502,68
03929668,0,502,504
03929668,0,502,520
03929667,1,252,408.1
03929666,1,252,175
03929666,0,210,716
03929666,0,423,397
03929666,0,423,407
03929666,0,423,556
03929666,0,423,629
03929665,1,252,301.4S
03929664,1,252,301.19
03929664,0,73,104
03929664,0,250,302
03929664,0,252,960
03929663,1,510,472
03929663,0,510,352
03929663,0,510,357
03929663,0,510,480
03929663,0,510,488
03929662,1,514,705
03929662,0,510,131
03929662,0,510,161
03929662,0,510,382
03929662,0,510,383
03929662,0,510,461
03929662,0,510,505
03929661,1,510,370
03929661,0,8,108.1
03929661,0,510,108
03929661,0,510,303
03929661,0,510,426
03929661,0,510,488
03929661,0,510,495
03929660,1,524,404
03929660,0,218,117
03929660,0,218,150
03929660,0,218,158
03929660,0,524,405
03929660,0,524,408
03929660,0,524,409
